==========================================================
STARTING REMAINING OFFICIAL BENCHMARK PIPELINE
UTC: Tue Oct  6 21:21:56 UTC 2026
==========================================================

PHASE 1/3: CASSANDRA FULL
==========================================================
CASSANDRA FULL SEQUENTIAL BENCHMARK
==========================================================
UTC start: Tue Oct  6 21:21:56 UTC 2026
Output: benchmark/results/cassandra_full_sequential/run_20261006_212156

Stopping unrelated benchmark containers...
Configuring benchmark_cassandra...
Waiting for database health...
benchmark_cassandra ready: healthy

==========================================================
GO + CASSANDRA FULL
==========================================================
Waiting 15s...
Smoke testing go...
Smoke test passed.

----------------------------------------------------------
GO: concurrency 1
----------------------------------------------------------
========================================
GO + CASSANDRA FULL OFFICIAL
========================================
UTC:
Tue Oct  6 21:22:29 UTC 2026


========================================
API BENCHMARK RESULTS
========================================
URL:          http://benchmark_go_cassandra:8080/parent/50000
Concurrency:  1
Duration:     30.015s
Requests:     3639
Errors:       0
Requests/sec: 121.24

Average:      8.123476ms
p50:          5.782111ms
p95:          20.328189ms
p99:          31.396443ms
Max:          76.744355ms
========================================

Cooling down 15s...

----------------------------------------------------------
GO: concurrency 10
----------------------------------------------------------
========================================
GO + CASSANDRA FULL OFFICIAL
========================================
UTC:
Tue Oct  6 21:23:19 UTC 2026


========================================
API BENCHMARK RESULTS
========================================
URL:          http://benchmark_go_cassandra:8080/parent/50000
Concurrency:  10
Duration:     30.027s
Requests:     29832
Errors:       0
Requests/sec: 993.51

Average:      9.969806ms
p50:          7.181563ms
p95:          26.85806ms
p99:          42.857899ms
Max:          179.153976ms
========================================

Cooling down 15s...

----------------------------------------------------------
GO: concurrency 50
----------------------------------------------------------
========================================
GO + CASSANDRA FULL OFFICIAL
========================================
UTC:
Tue Oct  6 21:24:08 UTC 2026


========================================
API BENCHMARK RESULTS
========================================
URL:          http://benchmark_go_cassandra:8080/parent/50000
Concurrency:  50
Duration:     30.117s
Requests:     48157
Errors:       0
Requests/sec: 1598.97

Average:      30.827064ms
p50:          26.441022ms
p95:          70.234135ms
p99:          100.594314ms
Max:          210.045048ms
========================================

Cooling down 15s...

----------------------------------------------------------
GO: concurrency 100
----------------------------------------------------------
========================================
GO + CASSANDRA FULL OFFICIAL
========================================
UTC:
Tue Oct  6 21:24:57 UTC 2026


========================================
API BENCHMARK RESULTS
========================================
URL:          http://benchmark_go_cassandra:8080/parent/50000
Concurrency:  100
Duration:     30.119s
Requests:     61319
Errors:       0
Requests/sec: 2035.86

Average:      48.199033ms
p50:          42.006517ms
p95:          105.568384ms
p99:          146.203189ms
Max:          360.076228ms
========================================

Cooling down 15s...

----------------------------------------------------------
GO: concurrency 250
----------------------------------------------------------
========================================
GO + CASSANDRA FULL OFFICIAL
========================================
UTC:
Tue Oct  6 21:25:47 UTC 2026


========================================
API BENCHMARK RESULTS
========================================
URL:          http://benchmark_go_cassandra:8080/parent/50000
Concurrency:  250
Duration:     30.109s
Requests:     96655
Errors:       0
Requests/sec: 3210.19

Average:      74.689925ms
p50:          63.43923ms
p95:          168.291313ms
p99:          265.43254ms
Max:          583.801169ms
========================================

Cooling down 15s...

----------------------------------------------------------
GO: concurrency 500
----------------------------------------------------------
========================================
GO + CASSANDRA FULL OFFICIAL
========================================
UTC:
Tue Oct  6 21:26:37 UTC 2026


========================================
API BENCHMARK RESULTS
========================================
URL:          http://benchmark_go_cassandra:8080/parent/50000
Concurrency:  500
Duration:     30.32s
Requests:     132614
Errors:       0
Requests/sec: 4373.84

Average:      104.083245ms
p50:          87.636451ms
p95:          238.444283ms
p99:          385.405045ms
Max:          893.591089ms
========================================

Cooling down 15s...

----------------------------------------------------------
GO: concurrency 1000
----------------------------------------------------------
========================================
GO + CASSANDRA FULL OFFICIAL
========================================
UTC:
Tue Oct  6 21:27:27 UTC 2026


========================================
API BENCHMARK RESULTS
========================================
URL:          http://benchmark_go_cassandra:8080/parent/50000
Concurrency:  1000
Duration:     30.358s
Requests:     141931
Errors:       0
Requests/sec: 4675.21

Average:      182.76789ms
p50:          160.330623ms
p95:          387.10915ms
p99:          614.489103ms
Max:          1.149791823s
========================================

Cooling down 15s...
Stopping benchmark_go_cassandra...
Completed go.

==========================================================
RUST + CASSANDRA FULL
==========================================================
Waiting 15s...
Smoke testing rust...
Smoke test passed.

----------------------------------------------------------
RUST: concurrency 1
----------------------------------------------------------
========================================
RUST + CASSANDRA FULL OFFICIAL
========================================
UTC:
Tue Oct  6 21:28:38 UTC 2026


========================================
API BENCHMARK RESULTS
========================================
URL:          http://benchmark_rust_cassandra:8080/parent/50000
Concurrency:  1
Duration:     30.028s
Requests:     6146
Errors:       0
Requests/sec: 204.67

Average:      4.783159ms
p50:          2.801558ms
p95:          14.322673ms
p99:          23.620529ms
Max:          55.844768ms
========================================

Cooling down 15s...

----------------------------------------------------------
RUST: concurrency 10
----------------------------------------------------------
========================================
RUST + CASSANDRA FULL OFFICIAL
========================================
UTC:
Tue Oct  6 21:29:28 UTC 2026


========================================
API BENCHMARK RESULTS
========================================
URL:          http://benchmark_rust_cassandra:8080/parent/50000
Concurrency:  10
Duration:     30.009s
Requests:     28494
Errors:       0
Requests/sec: 949.50

Average:      10.42147ms
p50:          7.833846ms
p95:          26.320712ms
p99:          40.403138ms
Max:          84.332535ms
========================================

Cooling down 15s...

----------------------------------------------------------
RUST: concurrency 50
----------------------------------------------------------
========================================
RUST + CASSANDRA FULL OFFICIAL
========================================
UTC:
Tue Oct  6 21:30:17 UTC 2026


========================================
API BENCHMARK RESULTS
========================================
URL:          http://benchmark_rust_cassandra:8080/parent/50000
Concurrency:  50
Duration:     30.072s
Requests:     66386
Errors:       0
Requests/sec: 2207.54

Average:      22.105937ms
p50:          17.881988ms
p95:          50.951544ms
p99:          77.660725ms
Max:          179.383721ms
========================================

Cooling down 15s...

----------------------------------------------------------
RUST: concurrency 100
----------------------------------------------------------
========================================
RUST + CASSANDRA FULL OFFICIAL
========================================
UTC:
Tue Oct  6 21:31:07 UTC 2026


========================================
API BENCHMARK RESULTS
========================================
URL:          http://benchmark_rust_cassandra:8080/parent/50000
Concurrency:  100
Duration:     30.101s
Requests:     91955
Errors:       0
Requests/sec: 3054.87

Average:      31.807466ms
p50:          27.546392ms
p95:          66.88095ms
p99:          102.737738ms
Max:          274.278699ms
========================================

Cooling down 15s...

----------------------------------------------------------
RUST: concurrency 250
----------------------------------------------------------
========================================
RUST + CASSANDRA FULL OFFICIAL
========================================
UTC:
Tue Oct  6 21:31:57 UTC 2026


========================================
API BENCHMARK RESULTS
========================================
URL:          http://benchmark_rust_cassandra:8080/parent/50000
Concurrency:  250
Duration:     30.081s
Requests:     123351
Errors:       0
Requests/sec: 4100.68

Average:      58.098643ms
p50:          50.864587ms
p95:          126.631367ms
p99:          191.952232ms
Max:          337.256225ms
========================================

Cooling down 15s...

----------------------------------------------------------
RUST: concurrency 500
----------------------------------------------------------
========================================
RUST + CASSANDRA FULL OFFICIAL
========================================
UTC:
Tue Oct  6 21:32:46 UTC 2026


========================================
API BENCHMARK RESULTS
========================================
URL:          http://benchmark_rust_cassandra:8080/parent/50000
Concurrency:  500
Duration:     30.113s
Requests:     129185
Errors:       0
Requests/sec: 4290.01

Average:      106.015638ms
p50:          91.484198ms
p95:          225.857932ms
p99:          376.928719ms
Max:          1.048059178s
========================================

Cooling down 15s...

----------------------------------------------------------
RUST: concurrency 1000
----------------------------------------------------------
========================================
RUST + CASSANDRA FULL OFFICIAL
========================================
UTC:
Tue Oct  6 21:33:36 UTC 2026


========================================
API BENCHMARK RESULTS
========================================
URL:          http://benchmark_rust_cassandra:8080/parent/50000
Concurrency:  1000
Duration:     40.027s
Requests:     186884
Errors:       96
Requests/sec: 4668.95

Average:      140.544109ms
p50:          119.043054ms
p95:          282.706594ms
p99:          422.688355ms
Max:          10.345259657s
========================================

Cooling down 15s...
Stopping benchmark_rust_cassandra...
Completed rust.

==========================================================
NODE + CASSANDRA FULL
==========================================================
Waiting 15s...
Smoke testing node...
Smoke test passed.

----------------------------------------------------------
NODE: concurrency 1
----------------------------------------------------------
========================================
NODE + CASSANDRA FULL OFFICIAL
========================================
UTC:
Tue Oct  6 21:35:08 UTC 2026


========================================
API BENCHMARK RESULTS
========================================
URL:          http://benchmark_node_cassandra:8080/parent/50000
Concurrency:  1
Duration:     30.015s
Requests:     2017
Errors:       0
Requests/sec: 67.20

Average:      14.518602ms
p50:          12.41785ms
p95:          32.467033ms
p99:          45.275952ms
Max:          86.789607ms
========================================

Cooling down 15s...

----------------------------------------------------------
NODE: concurrency 10
----------------------------------------------------------
========================================
NODE + CASSANDRA FULL OFFICIAL
========================================
UTC:
Tue Oct  6 21:35:58 UTC 2026


========================================
API BENCHMARK RESULTS
========================================
URL:          http://benchmark_node_cassandra:8080/parent/50000
Concurrency:  10
Duration:     30.064s
Requests:     10078
Errors:       0
Requests/sec: 335.21

Average:      29.70268ms
p50:          23.573872ms
p95:          70.736826ms
p99:          126.406518ms
Max:          304.149236ms
========================================

Cooling down 15s...

----------------------------------------------------------
NODE: concurrency 50
----------------------------------------------------------
========================================
NODE + CASSANDRA FULL OFFICIAL
========================================
UTC:
Tue Oct  6 21:36:47 UTC 2026


========================================
API BENCHMARK RESULTS
========================================
URL:          http://benchmark_node_cassandra:8080/parent/50000
Concurrency:  50
Duration:     30.096s
Requests:     30009
Errors:       0
Requests/sec: 997.12

Average:      49.836992ms
p50:          43.683586ms
p95:          109.66756ms
p99:          145.486426ms
Max:          292.809743ms
========================================

Cooling down 15s...

----------------------------------------------------------
NODE: concurrency 100
----------------------------------------------------------
========================================
NODE + CASSANDRA FULL OFFICIAL
========================================
UTC:
Tue Oct  6 21:37:36 UTC 2026


========================================
API BENCHMARK RESULTS
========================================
URL:          http://benchmark_node_cassandra:8080/parent/50000
Concurrency:  100
Duration:     30.082s
Requests:     32574
Errors:       0
Requests/sec: 1082.82

Average:      91.76888ms
p50:          81.358955ms
p95:          189.902984ms
p99:          315.946851ms
Max:          515.746729ms
========================================

Cooling down 15s...

----------------------------------------------------------
NODE: concurrency 250
----------------------------------------------------------
========================================
NODE + CASSANDRA FULL OFFICIAL
========================================
UTC:
Tue Oct  6 21:38:26 UTC 2026


========================================
API BENCHMARK RESULTS
========================================
URL:          http://benchmark_node_cassandra:8080/parent/50000
Concurrency:  250
Duration:     30.498s
Requests:     40059
Errors:       0
Requests/sec: 1313.52

Average:      189.247684ms
p50:          163.235119ms
p95:          317.92945ms
p99:          585.16997ms
Max:          7.849621911s
========================================

Cooling down 15s...

----------------------------------------------------------
NODE: concurrency 500
----------------------------------------------------------
========================================
NODE + CASSANDRA FULL OFFICIAL
========================================
UTC:
Tue Oct  6 21:39:15 UTC 2026


========================================
API BENCHMARK RESULTS
========================================
URL:          http://benchmark_node_cassandra:8080/parent/50000
Concurrency:  500
Duration:     31.197s
Requests:     41642
Errors:       658
Requests/sec: 1334.82

Average:      356.183016ms
p50:          166.962143ms
p95:          404.276154ms
p99:          10.001929078s
Max:          10.217546001s
========================================

Cooling down 15s...

----------------------------------------------------------
NODE: concurrency 1000
----------------------------------------------------------
========================================
NODE + CASSANDRA FULL OFFICIAL
========================================
UTC:
Tue Oct  6 21:40:06 UTC 2026


========================================
API BENCHMARK RESULTS
========================================
URL:          http://benchmark_node_cassandra:8080/parent/50000
Concurrency:  1000
Duration:     34.151s
Requests:     34951
Errors:       1237
Requests/sec: 1023.41

Average:      855.852002ms
p50:          483.2295ms
p95:          1.012637935s
p99:          10.01295143s
Max:          10.148151968s
========================================

Cooling down 15s...
Stopping benchmark_node_cassandra...
Completed node.

==========================================================
PYTHON + CASSANDRA FULL
==========================================================
Waiting 15s...
Smoke testing python...
Smoke test passed.

----------------------------------------------------------
PYTHON: concurrency 1
----------------------------------------------------------
========================================
PYTHON + CASSANDRA FULL OFFICIAL
========================================
UTC:
Tue Oct  6 21:41:31 UTC 2026


========================================
API BENCHMARK RESULTS
========================================
URL:          http://benchmark_python_cassandra:8080/parent/50000
Concurrency:  1
Duration:     30.038s
Requests:     1734
Errors:       0
Requests/sec: 57.73

Average:      16.594143ms
p50:          14.817196ms
p95:          34.495018ms
p99:          43.654049ms
Max:          59.012705ms
========================================

Cooling down 15s...

----------------------------------------------------------
PYTHON: concurrency 10
----------------------------------------------------------
========================================
PYTHON + CASSANDRA FULL OFFICIAL
========================================
UTC:
Tue Oct  6 21:42:21 UTC 2026


========================================
API BENCHMARK RESULTS
========================================
URL:          http://benchmark_python_cassandra:8080/parent/50000
Concurrency:  10
Duration:     30.032s
Requests:     5130
Errors:       0
Requests/sec: 170.82

Average:      58.037182ms
p50:          53.539834ms
p95:          108.107469ms
p99:          149.488623ms
Max:          247.701317ms
========================================

Cooling down 15s...

----------------------------------------------------------
PYTHON: concurrency 50
----------------------------------------------------------
========================================
PYTHON + CASSANDRA FULL OFFICIAL
========================================
UTC:
Tue Oct  6 21:43:10 UTC 2026


========================================
API BENCHMARK RESULTS
========================================
URL:          http://benchmark_python_cassandra:8080/parent/50000
Concurrency:  50
Duration:     30.171s
Requests:     7247
Errors:       0
Requests/sec: 240.19

Average:      207.466936ms
p50:          190.309892ms
p95:          367.165851ms
p99:          473.676046ms
Max:          1.503986836s
========================================

Cooling down 15s...

----------------------------------------------------------
PYTHON: concurrency 100
----------------------------------------------------------
========================================
PYTHON + CASSANDRA FULL OFFICIAL
========================================
UTC:
Tue Oct  6 21:43:59 UTC 2026


========================================
API BENCHMARK RESULTS
========================================
URL:          http://benchmark_python_cassandra:8080/parent/50000
Concurrency:  100
Duration:     30.438s
Requests:     6510
Errors:       0
Requests/sec: 213.88

Average:      464.704117ms
p50:          412.157298ms
p95:          745.099287ms
p99:          1.158285349s
Max:          5.349351069s
========================================

Cooling down 15s...

----------------------------------------------------------
PYTHON: concurrency 250
----------------------------------------------------------
========================================
PYTHON + CASSANDRA FULL OFFICIAL
========================================
UTC:
Tue Oct  6 21:44:49 UTC 2026


========================================
API BENCHMARK RESULTS
========================================
URL:          http://benchmark_python_cassandra:8080/parent/50000
Concurrency:  250
Duration:     30.421s
Requests:     6595
Errors:       303
Requests/sec: 216.79

Average:      1.094647962s
p50:          673.252135ms
p95:          4.390928372s
p99:          10.093167779s
Max:          10.166900787s
========================================

Cooling down 15s...

----------------------------------------------------------
PYTHON: concurrency 500
----------------------------------------------------------
========================================
PYTHON + CASSANDRA FULL OFFICIAL
========================================
UTC:
Tue Oct  6 21:45:39 UTC 2026


========================================
API BENCHMARK RESULTS
========================================
URL:          http://benchmark_python_cassandra:8080/parent/50000
Concurrency:  500
Duration:     38.371s
Requests:     6167
Errors:       1140
Requests/sec: 160.72

Average:      2.231638832s
p50:          582.717543ms
p95:          10.013503512s
p99:          10.084991126s
Max:          10.132027716s
========================================

Cooling down 15s...

----------------------------------------------------------
PYTHON: concurrency 1000
----------------------------------------------------------
========================================
PYTHON + CASSANDRA FULL OFFICIAL
========================================
UTC:
Tue Oct  6 21:46:37 UTC 2026


========================================
API BENCHMARK RESULTS
========================================
URL:          http://benchmark_python_cassandra:8080/parent/50000
Concurrency:  1000
Duration:     40.17s
Requests:     6871
Errors:       2326
Requests/sec: 171.05

Average:      3.487315526s
p50:          1.400216895s
p95:          10.081979635s
p99:          10.217882859s
Max:          10.254200724s
========================================

Cooling down 15s...
Stopping benchmark_python_cassandra...
Completed python.

==========================================================
PHP + CASSANDRA FULL
==========================================================
Waiting 15s...
Smoke testing php...
Smoke test passed.

----------------------------------------------------------
PHP: concurrency 1
----------------------------------------------------------
========================================
PHP + CASSANDRA FULL OFFICIAL
========================================
UTC:
Tue Oct  6 21:48:00 UTC 2026


========================================
API BENCHMARK RESULTS
========================================
URL:          http://benchmark_php_cassandra:8080/parent/50000
Concurrency:  1
Duration:     30.044s
Requests:     1959
Errors:       0
Requests/sec: 65.20

Average:      15.196835ms
p50:          12.31413ms
p95:          34.25575ms
p99:          47.223388ms
Max:          316.905742ms
========================================

Cooling down 15s...

----------------------------------------------------------
PHP: concurrency 10
----------------------------------------------------------
========================================
PHP + CASSANDRA FULL OFFICIAL
========================================
UTC:
Tue Oct  6 21:48:49 UTC 2026


========================================
API BENCHMARK RESULTS
========================================
URL:          http://benchmark_php_cassandra:8080/parent/50000
Concurrency:  10
Duration:     30.02s
Requests:     11425
Errors:       0
Requests/sec: 380.58

Average:      26.13315ms
p50:          22.276571ms
p95:          57.749389ms
p99:          87.739663ms
Max:          302.771927ms
========================================

Cooling down 15s...

----------------------------------------------------------
PHP: concurrency 50
----------------------------------------------------------
========================================
PHP + CASSANDRA FULL OFFICIAL
========================================
UTC:
Tue Oct  6 21:49:38 UTC 2026


========================================
API BENCHMARK RESULTS
========================================
URL:          http://benchmark_php_cassandra:8080/parent/50000
Concurrency:  50
Duration:     30.082s
Requests:     17658
Errors:       0
Requests/sec: 587.00

Average:      84.573203ms
p50:          74.709339ms
p95:          174.865449ms
p99:          253.206739ms
Max:          1.113331535s
========================================

Cooling down 15s...

----------------------------------------------------------
PHP: concurrency 100
----------------------------------------------------------
========================================
PHP + CASSANDRA FULL OFFICIAL
========================================
UTC:
Tue Oct  6 21:50:29 UTC 2026


========================================
API BENCHMARK RESULTS
========================================
URL:          http://benchmark_php_cassandra:8080/parent/50000
Concurrency:  100
Duration:     30.18s
Requests:     19952
Errors:       0
Requests/sec: 661.11

Average:      150.246436ms
p50:          140.823106ms
p95:          267.856437ms
p99:          364.99109ms
Max:          1.007111248s
========================================

Cooling down 15s...

----------------------------------------------------------
PHP: concurrency 250
----------------------------------------------------------
========================================
PHP + CASSANDRA FULL OFFICIAL
========================================
UTC:
Tue Oct  6 21:51:19 UTC 2026


========================================
API BENCHMARK RESULTS
========================================
URL:          http://benchmark_php_cassandra:8080/parent/50000
Concurrency:  250
Duration:     30.37s
Requests:     20076
Errors:       0
Requests/sec: 661.05

Average:      375.255219ms
p50:          353.245707ms
p95:          618.430323ms
p99:          779.245378ms
Max:          1.211451519s
========================================

Cooling down 15s...

----------------------------------------------------------
PHP: concurrency 500
----------------------------------------------------------
========================================
PHP + CASSANDRA FULL OFFICIAL
========================================
UTC:
Tue Oct  6 21:52:09 UTC 2026


========================================
API BENCHMARK RESULTS
========================================
URL:          http://benchmark_php_cassandra:8080/parent/50000
Concurrency:  500
Duration:     30.719s
Requests:     19049
Errors:       0
Requests/sec: 620.10

Average:      796.982513ms
p50:          805.410152ms
p95:          1.067927829s
p99:          1.258892762s
Max:          2.067317308s
========================================

Cooling down 15s...

----------------------------------------------------------
PHP: concurrency 1000
----------------------------------------------------------
========================================
PHP + CASSANDRA FULL OFFICIAL
========================================
UTC:
Tue Oct  6 21:53:00 UTC 2026


========================================
API BENCHMARK RESULTS
========================================
URL:          http://benchmark_php_cassandra:8080/parent/50000
Concurrency:  1000
Duration:     31.372s
Requests:     20338
Errors:       0
Requests/sec: 648.28

Average:      1.502785307s
p50:          1.439309429s
p95:          1.881699062s
p99:          2.794126167s
Max:          3.723090386s
========================================

Cooling down 15s...
Stopping benchmark_php_cassandra...
Completed php.

==========================================================
CPP + CASSANDRA FULL
==========================================================
Waiting 15s...
Smoke testing cpp...
Smoke test passed.

----------------------------------------------------------
CPP: concurrency 1
----------------------------------------------------------
========================================
CPP + CASSANDRA FULL OFFICIAL
========================================
UTC:
Tue Oct  6 21:54:12 UTC 2026


========================================
API BENCHMARK RESULTS
========================================
URL:          http://benchmark_cpp_cassandra:8080/parent/50000
Concurrency:  1
Duration:     30.01s
Requests:     4744
Errors:       0
Requests/sec: 158.08

Average:      6.214351ms
p50:          4.157548ms
p95:          17.063315ms
p99:          27.317606ms
Max:          118.57933ms
========================================

Cooling down 15s...

----------------------------------------------------------
CPP: concurrency 10
----------------------------------------------------------
========================================
CPP + CASSANDRA FULL OFFICIAL
========================================
UTC:
Tue Oct  6 21:55:01 UTC 2026


========================================
API BENCHMARK RESULTS
========================================
URL:          http://benchmark_cpp_cassandra:8080/parent/50000
Concurrency:  10
Duration:     30.02s
Requests:     19878
Errors:       0
Requests/sec: 662.16

Average:      14.990413ms
p50:          11.072689ms
p95:          40.915241ms
p99:          64.640659ms
Max:          154.775656ms
========================================

Cooling down 15s...

----------------------------------------------------------
CPP: concurrency 50
----------------------------------------------------------
========================================
CPP + CASSANDRA FULL OFFICIAL
========================================
UTC:
Tue Oct  6 21:55:51 UTC 2026


========================================
API BENCHMARK RESULTS
========================================
URL:          http://benchmark_cpp_cassandra:8080/parent/50000
Concurrency:  50
Duration:     30.196s
Requests:     37931
Errors:       0
Requests/sec: 1256.15

Average:      39.517075ms
p50:          25.542156ms
p95:          124.413899ms
p99:          221.676419ms
Max:          576.771725ms
========================================

Cooling down 15s...

----------------------------------------------------------
CPP: concurrency 100
----------------------------------------------------------
========================================
CPP + CASSANDRA FULL OFFICIAL
========================================
UTC:
Tue Oct  6 21:56:41 UTC 2026


========================================
API BENCHMARK RESULTS
========================================
URL:          http://benchmark_cpp_cassandra:8080/parent/50000
Concurrency:  100
Duration:     30.135s
Requests:     59984
Errors:       0
Requests/sec: 1990.50

Average:      49.608758ms
p50:          32.412636ms
p95:          150.888505ms
p99:          286.338353ms
Max:          869.58408ms
========================================

Cooling down 15s...

----------------------------------------------------------
CPP: concurrency 250
----------------------------------------------------------
========================================
CPP + CASSANDRA FULL OFFICIAL
========================================
UTC:
Tue Oct  6 21:57:30 UTC 2026


========================================
API BENCHMARK RESULTS
========================================
URL:          http://benchmark_cpp_cassandra:8080/parent/50000
Concurrency:  250
Duration:     30.363s
Requests:     83700
Errors:       0
Requests/sec: 2756.61

Average:      89.543012ms
p50:          72.911292ms
p95:          216.746027ms
p99:          328.875431ms
Max:          821.422088ms
========================================

Cooling down 15s...

----------------------------------------------------------
CPP: concurrency 500
----------------------------------------------------------
========================================
CPP + CASSANDRA FULL OFFICIAL
========================================
UTC:
Tue Oct  6 21:58:20 UTC 2026


========================================
API BENCHMARK RESULTS
========================================
URL:          http://benchmark_cpp_cassandra:8080/parent/50000
Concurrency:  500
Duration:     30.421s
Requests:     96914
Errors:       0
Requests/sec: 3185.74

Average:      154.629651ms
p50:          141.453505ms
p95:          314.422489ms
p99:          428.301257ms
Max:          2.20355309s
========================================

Cooling down 15s...

----------------------------------------------------------
CPP: concurrency 1000
----------------------------------------------------------
========================================
CPP + CASSANDRA FULL OFFICIAL
========================================
UTC:
Tue Oct  6 21:59:10 UTC 2026


========================================
API BENCHMARK RESULTS
========================================
URL:          http://benchmark_cpp_cassandra:8080/parent/50000
Concurrency:  1000
Duration:     36.217s
Requests:     79439
Errors:       304
Requests/sec: 2193.39

Average:      386.925755ms
p50:          210.726022ms
p95:          1.321923201s
p99:          1.809983116s
Max:          10.075360514s
========================================

Cooling down 15s...
Stopping benchmark_cpp_cassandra...
Completed cpp.

==========================================================
JAVA + CASSANDRA FULL
==========================================================
Waiting 15s...
Smoke testing java...
Smoke test passed.

----------------------------------------------------------
JAVA: concurrency 1
----------------------------------------------------------
========================================
JAVA + CASSANDRA FULL OFFICIAL
========================================
UTC:
Tue Oct  6 22:00:30 UTC 2026


========================================
API BENCHMARK RESULTS
========================================
URL:          http://benchmark_java_cassandra:8080/parent/50000
Concurrency:  1
Duration:     30.016s
Requests:     2296
Errors:       0
Requests/sec: 76.49

Average:      12.894926ms
p50:          9.630293ms
p95:          32.428505ms
p99:          48.090631ms
Max:          140.176859ms
========================================

Cooling down 15s...

----------------------------------------------------------
JAVA: concurrency 10
----------------------------------------------------------
========================================
JAVA + CASSANDRA FULL OFFICIAL
========================================
UTC:
Tue Oct  6 22:01:20 UTC 2026


========================================
API BENCHMARK RESULTS
========================================
URL:          http://benchmark_java_cassandra:8080/parent/50000
Concurrency:  10
Duration:     30.016s
Requests:     19723
Errors:       0
Requests/sec: 657.08

Average:      15.091426ms
p50:          11.297399ms
p95:          40.227755ms
p99:          66.034495ms
Max:          226.388277ms
========================================

Cooling down 15s...

----------------------------------------------------------
JAVA: concurrency 50
----------------------------------------------------------
========================================
JAVA + CASSANDRA FULL OFFICIAL
========================================
UTC:
Tue Oct  6 22:02:09 UTC 2026


========================================
API BENCHMARK RESULTS
========================================
URL:          http://benchmark_java_cassandra:8080/parent/50000
Concurrency:  50
Duration:     30.122s
Requests:     47007
Errors:       0
Requests/sec: 1560.56

Average:      31.494039ms
p50:          26.990839ms
p95:          68.600854ms
p99:          101.309403ms
Max:          416.227308ms
========================================

Cooling down 15s...

----------------------------------------------------------
JAVA: concurrency 100
----------------------------------------------------------
========================================
JAVA + CASSANDRA FULL OFFICIAL
========================================
UTC:
Tue Oct  6 22:02:59 UTC 2026


========================================
API BENCHMARK RESULTS
========================================
URL:          http://benchmark_java_cassandra:8080/parent/50000
Concurrency:  100
Duration:     30.043s
Requests:     67681
Errors:       0
Requests/sec: 2252.84

Average:      43.599221ms
p50:          39.795926ms
p95:          84.898567ms
p99:          115.879338ms
Max:          173.704984ms
========================================

Cooling down 15s...

----------------------------------------------------------
JAVA: concurrency 250
----------------------------------------------------------
========================================
JAVA + CASSANDRA FULL OFFICIAL
========================================
UTC:
Tue Oct  6 22:03:49 UTC 2026


========================================
API BENCHMARK RESULTS
========================================
URL:          http://benchmark_java_cassandra:8080/parent/50000
Concurrency:  250
Duration:     30.258s
Requests:     103550
Errors:       0
Requests/sec: 3422.18

Average:      70.376893ms
p50:          63.633119ms
p95:          139.562575ms
p99:          189.357007ms
Max:          365.777975ms
========================================

Cooling down 15s...

----------------------------------------------------------
JAVA: concurrency 500
----------------------------------------------------------
========================================
JAVA + CASSANDRA FULL OFFICIAL
========================================
UTC:
Tue Oct  6 22:04:39 UTC 2026


========================================
API BENCHMARK RESULTS
========================================
URL:          http://benchmark_java_cassandra:8080/parent/50000
Concurrency:  500
Duration:     30.155s
Requests:     130671
Errors:       0
Requests/sec: 4333.38

Average:      109.478649ms
p50:          99.910145ms
p95:          215.316317ms
p99:          302.403296ms
Max:          697.451198ms
========================================

Cooling down 15s...

----------------------------------------------------------
JAVA: concurrency 1000
----------------------------------------------------------
========================================
JAVA + CASSANDRA FULL OFFICIAL
========================================
UTC:
Tue Oct  6 22:05:29 UTC 2026


========================================
API BENCHMARK RESULTS
========================================
URL:          http://benchmark_java_cassandra:8080/parent/50000
Concurrency:  1000
Duration:     30.233s
Requests:     163299
Errors:       0
Requests/sec: 5401.35

Average:      171.55518ms
p50:          151.669624ms
p95:          347.860689ms
p99:          541.799291ms
Max:          940.660041ms
========================================

Cooling down 15s...
Stopping benchmark_java_cassandra...
Completed java.

==========================================================
ELIXIR + CASSANDRA FULL
==========================================================
Waiting 15s...
Smoke testing elixir...
Smoke test passed.

----------------------------------------------------------
ELIXIR: concurrency 1
----------------------------------------------------------
========================================
ELIXIR + CASSANDRA FULL OFFICIAL
========================================
UTC:
Tue Oct  6 22:06:44 UTC 2026


========================================
API BENCHMARK RESULTS
========================================
URL:          http://benchmark_elixir_cassandra:8080/parent/50000
Concurrency:  1
Duration:     30.003s
Requests:     2272
Errors:       0
Requests/sec: 75.73

Average:      12.911133ms
p50:          10.700129ms
p95:          28.907295ms
p99:          41.120782ms
Max:          72.128908ms
========================================

Cooling down 15s...

----------------------------------------------------------
ELIXIR: concurrency 10
----------------------------------------------------------
========================================
ELIXIR + CASSANDRA FULL OFFICIAL
========================================
UTC:
Tue Oct  6 22:07:34 UTC 2026


========================================
API BENCHMARK RESULTS
========================================
URL:          http://benchmark_elixir_cassandra:8080/parent/50000
Concurrency:  10
Duration:     30.057s
Requests:     13631
Errors:       0
Requests/sec: 453.50

Average:      21.584219ms
p50:          17.413633ms
p95:          52.726954ms
p99:          81.867504ms
Max:          226.740053ms
========================================

Cooling down 15s...

----------------------------------------------------------
ELIXIR: concurrency 50
----------------------------------------------------------
========================================
ELIXIR + CASSANDRA FULL OFFICIAL
========================================
UTC:
Tue Oct  6 22:08:24 UTC 2026


========================================
API BENCHMARK RESULTS
========================================
URL:          http://benchmark_elixir_cassandra:8080/parent/50000
Concurrency:  50
Duration:     30.103s
Requests:     21478
Errors:       0
Requests/sec: 713.49

Average:      68.432205ms
p50:          55.411918ms
p95:          168.689049ms
p99:          237.098412ms
Max:          517.574669ms
========================================

Cooling down 15s...

----------------------------------------------------------
ELIXIR: concurrency 100
----------------------------------------------------------
========================================
ELIXIR + CASSANDRA FULL OFFICIAL
========================================
UTC:
Tue Oct  6 22:09:13 UTC 2026


========================================
API BENCHMARK RESULTS
========================================
URL:          http://benchmark_elixir_cassandra:8080/parent/50000
Concurrency:  100
Duration:     30.131s
Requests:     22700
Errors:       0
Requests/sec: 753.37

Average:      130.263647ms
p50:          113.744736ms
p95:          278.605398ms
p99:          423.914927ms
Max:          871.549355ms
========================================

Cooling down 15s...

----------------------------------------------------------
ELIXIR: concurrency 250
----------------------------------------------------------
========================================
ELIXIR + CASSANDRA FULL OFFICIAL
========================================
UTC:
Tue Oct  6 22:10:03 UTC 2026


========================================
API BENCHMARK RESULTS
========================================
URL:          http://benchmark_elixir_cassandra:8080/parent/50000
Concurrency:  250
Duration:     30.725s
Requests:     22519
Errors:       0
Requests/sec: 732.92

Average:      334.051233ms
p50:          235.598401ms
p95:          1.017708645s
p99:          1.324717311s
Max:          2.271321254s
========================================

Cooling down 15s...

----------------------------------------------------------
ELIXIR: concurrency 500
----------------------------------------------------------
========================================
ELIXIR + CASSANDRA FULL OFFICIAL
========================================
UTC:
Tue Oct  6 22:10:53 UTC 2026


========================================
API BENCHMARK RESULTS
========================================
URL:          http://benchmark_elixir_cassandra:8080/parent/50000
Concurrency:  500
Duration:     31.051s
Requests:     22586
Errors:       0
Requests/sec: 727.39

Average:      672.742409ms
p50:          294.104802ms
p95:          3.37018062s
p99:          5.335013102s
Max:          6.42606529s
========================================

Cooling down 15s...

----------------------------------------------------------
ELIXIR: concurrency 1000
----------------------------------------------------------
========================================
ELIXIR + CASSANDRA FULL OFFICIAL
========================================
UTC:
Tue Oct  6 22:11:44 UTC 2026


========================================
API BENCHMARK RESULTS
========================================
URL:          http://benchmark_elixir_cassandra:8080/parent/50000
Concurrency:  1000
Duration:     32.173s
Requests:     30891
Errors:       296
Requests/sec: 960.14

Average:      974.234298ms
p50:          763.380222ms
p95:          1.827940827s
p99:          6.139553747s
Max:          10.312913821s
========================================

Cooling down 15s...
Stopping benchmark_elixir_cassandra...
Completed elixir.

==========================================================
RUBY + CASSANDRA FULL
==========================================================
Waiting 15s...
Smoke testing ruby...
Smoke test passed.

----------------------------------------------------------
RUBY: concurrency 1
----------------------------------------------------------
========================================
RUBY + CASSANDRA FULL OFFICIAL
========================================
UTC:
Tue Oct  6 22:13:00 UTC 2026


========================================
API BENCHMARK RESULTS
========================================
URL:          http://benchmark_ruby_cassandra:8080/parent/50000
Concurrency:  1
Duration:     30.027s
Requests:     2275
Errors:       0
Requests/sec: 75.76

Average:      12.999909ms
p50:          10.432435ms
p95:          30.686105ms
p99:          44.766158ms
Max:          84.88635ms
========================================

Cooling down 15s...

----------------------------------------------------------
RUBY: concurrency 10
----------------------------------------------------------
========================================
RUBY + CASSANDRA FULL OFFICIAL
========================================
UTC:
Tue Oct  6 22:13:49 UTC 2026


========================================
API BENCHMARK RESULTS
========================================
URL:          http://benchmark_ruby_cassandra:8080/parent/50000
Concurrency:  10
Duration:     30.067s
Requests:     5163
Errors:       0
Requests/sec: 171.71

Average:      58.051946ms
p50:          53.146781ms
p95:          102.508252ms
p99:          134.737133ms
Max:          221.515988ms
========================================

Cooling down 15s...

----------------------------------------------------------
RUBY: concurrency 50
----------------------------------------------------------
========================================
RUBY + CASSANDRA FULL OFFICIAL
========================================
UTC:
Tue Oct  6 22:14:38 UTC 2026


========================================
API BENCHMARK RESULTS
========================================
URL:          http://benchmark_ruby_cassandra:8080/parent/50000
Concurrency:  50
Duration:     30.254s
Requests:     8099
Errors:       0
Requests/sec: 267.70

Average:      185.816446ms
p50:          176.786816ms
p95:          291.911675ms
p99:          380.366947ms
Max:          955.611829ms
========================================

Cooling down 15s...

----------------------------------------------------------
RUBY: concurrency 100
----------------------------------------------------------
========================================
RUBY + CASSANDRA FULL OFFICIAL
========================================
UTC:
Tue Oct  6 22:15:28 UTC 2026


========================================
API BENCHMARK RESULTS
========================================
URL:          http://benchmark_ruby_cassandra:8080/parent/50000
Concurrency:  100
Duration:     30.396s
Requests:     9667
Errors:       0
Requests/sec: 318.04

Average:      312.512211ms
p50:          298.825585ms
p95:          437.69661ms
p99:          607.036523ms
Max:          2.246882611s
========================================

Cooling down 15s...

----------------------------------------------------------
RUBY: concurrency 250
----------------------------------------------------------
========================================
RUBY + CASSANDRA FULL OFFICIAL
========================================
UTC:
Tue Oct  6 22:16:18 UTC 2026


========================================
API BENCHMARK RESULTS
========================================
URL:          http://benchmark_ruby_cassandra:8080/parent/50000
Concurrency:  250
Duration:     30.682s
Requests:     9519
Errors:       0
Requests/sec: 310.24

Average:      797.670147ms
p50:          769.244503ms
p95:          1.108784974s
p99:          2.566820457s
Max:          3.188782007s
========================================

Cooling down 15s...

----------------------------------------------------------
RUBY: concurrency 500
----------------------------------------------------------
========================================
RUBY + CASSANDRA FULL OFFICIAL
========================================
UTC:
Tue Oct  6 22:17:09 UTC 2026


========================================
API BENCHMARK RESULTS
========================================
URL:          http://benchmark_ruby_cassandra:8080/parent/50000
Concurrency:  500
Duration:     31.773s
Requests:     9451
Errors:       0
Requests/sec: 297.45

Average:      1.632058572s
p50:          1.506432603s
p95:          2.1377649s
p99:          6.947274686s
Max:          8.028414997s
========================================

Cooling down 15s...

----------------------------------------------------------
RUBY: concurrency 1000
----------------------------------------------------------
========================================
RUBY + CASSANDRA FULL OFFICIAL
========================================
UTC:
Tue Oct  6 22:18:00 UTC 2026


========================================
API BENCHMARK RESULTS
========================================
URL:          http://benchmark_ruby_cassandra:8080/parent/50000
Concurrency:  1000
Duration:     39.103s
Requests:     8758
Errors:       18
Requests/sec: 223.97

Average:      3.615766419s
p50:          3.570149867s
p95:          5.585734556s
p99:          8.477631453s
Max:          10.141567682s
========================================

Cooling down 15s...
Stopping benchmark_ruby_cassandra...
Completed ruby.

==========================================================
HASKELL + CASSANDRA FULL
==========================================================
Waiting 15s...
Smoke testing haskell...
Smoke test passed.

----------------------------------------------------------
HASKELL: concurrency 1
----------------------------------------------------------
========================================
HASKELL + CASSANDRA FULL OFFICIAL
========================================
UTC:
Tue Oct  6 22:19:20 UTC 2026


========================================
API BENCHMARK RESULTS
========================================
URL:          http://benchmark_haskell_cassandra:8080/parent/50000
Concurrency:  1
Duration:     30.009s
Requests:     3959
Errors:       0
Requests/sec: 131.93

Average:      7.427427ms
p50:          4.979214ms
p95:          20.728346ms
p99:          31.717882ms
Max:          60.608192ms
========================================

Cooling down 15s...

----------------------------------------------------------
HASKELL: concurrency 10
----------------------------------------------------------
========================================
HASKELL + CASSANDRA FULL OFFICIAL
========================================
UTC:
Tue Oct  6 22:20:10 UTC 2026


========================================
API BENCHMARK RESULTS
========================================
URL:          http://benchmark_haskell_cassandra:8080/parent/50000
Concurrency:  10
Duration:     30.018s
Requests:     17115
Errors:       0
Requests/sec: 570.15

Average:      17.442953ms
p50:          13.459282ms
p95:          45.617928ms
p99:          69.340951ms
Max:          159.40182ms
========================================

Cooling down 15s...

----------------------------------------------------------
HASKELL: concurrency 50
----------------------------------------------------------
========================================
HASKELL + CASSANDRA FULL OFFICIAL
========================================
UTC:
Tue Oct  6 22:20:59 UTC 2026


========================================
API BENCHMARK RESULTS
========================================
URL:          http://benchmark_haskell_cassandra:8080/parent/50000
Concurrency:  50
Duration:     30.071s
Requests:     24263
Errors:       0
Requests/sec: 806.86

Average:      61.543224ms
p50:          47.48796ms
p95:          164.842438ms
p99:          214.735716ms
Max:          377.66978ms
========================================

Cooling down 15s...

----------------------------------------------------------
HASKELL: concurrency 100
----------------------------------------------------------
========================================
HASKELL + CASSANDRA FULL OFFICIAL
========================================
UTC:
Tue Oct  6 22:21:49 UTC 2026


========================================
API BENCHMARK RESULTS
========================================
URL:          http://benchmark_haskell_cassandra:8080/parent/50000
Concurrency:  100
Duration:     30.109s
Requests:     15894
Errors:       0
Requests/sec: 527.88

Average:      188.829143ms
p50:          188.680121ms
p95:          346.007649ms
p99:          397.27013ms
Max:          503.8169ms
========================================

Cooling down 15s...

----------------------------------------------------------
HASKELL: concurrency 250
----------------------------------------------------------
========================================
HASKELL + CASSANDRA FULL OFFICIAL
========================================
UTC:
Tue Oct  6 22:22:39 UTC 2026


========================================
API BENCHMARK RESULTS
========================================
URL:          http://benchmark_haskell_cassandra:8080/parent/50000
Concurrency:  250
Duration:     30.511s
Requests:     13757
Errors:       0
Requests/sec: 450.89

Average:      549.53444ms
p50:          523.242507ms
p95:          881.178195ms
p99:          1.124208802s
Max:          1.780783183s
========================================

Cooling down 15s...

----------------------------------------------------------
HASKELL: concurrency 500
----------------------------------------------------------
========================================
HASKELL + CASSANDRA FULL OFFICIAL
========================================
UTC:
Tue Oct  6 22:23:29 UTC 2026


========================================
API BENCHMARK RESULTS
========================================
URL:          http://benchmark_haskell_cassandra:8080/parent/50000
Concurrency:  500
Duration:     31.336s
Requests:     17138
Errors:       0
Requests/sec: 546.91

Average:      895.364322ms
p50:          946.053701ms
p95:          1.276721024s
p99:          2.864438305s
Max:          3.725497953s
========================================

Cooling down 15s...

----------------------------------------------------------
HASKELL: concurrency 1000
----------------------------------------------------------
========================================
HASKELL + CASSANDRA FULL OFFICIAL
========================================
UTC:
Tue Oct  6 22:24:20 UTC 2026


========================================
API BENCHMARK RESULTS
========================================
URL:          http://benchmark_haskell_cassandra:8080/parent/50000
Concurrency:  1000
Duration:     40.109s
Requests:     16858
Errors:       31
Requests/sec: 420.30

Average:      1.907031275s
p50:          1.811484529s
p95:          2.635966955s
p99:          2.975219676s
Max:          10.022323847s
========================================

Cooling down 15s...
Stopping benchmark_haskell_cassandra...
Completed haskell.

==========================================================
V + CASSANDRA FULL
==========================================================
Waiting 15s...
Smoke testing v...
Smoke test passed.

----------------------------------------------------------
V: concurrency 1
----------------------------------------------------------
========================================
V + CASSANDRA FULL OFFICIAL
========================================
UTC:
Tue Oct  6 22:25:53 UTC 2026


========================================
API BENCHMARK RESULTS
========================================
URL:          http://benchmark_v_cassandra:8080/parent/50000
Concurrency:  1
Duration:     30.011s
Requests:     3581
Errors:       0
Requests/sec: 119.32

Average:      8.231385ms
p50:          5.611139ms
p95:          22.110075ms
p99:          39.219889ms
Max:          122.590873ms
========================================

Cooling down 15s...

----------------------------------------------------------
V: concurrency 10
----------------------------------------------------------
========================================
V + CASSANDRA FULL OFFICIAL
========================================
UTC:
Tue Oct  6 22:26:42 UTC 2026


========================================
API BENCHMARK RESULTS
========================================
URL:          http://benchmark_v_cassandra:8080/parent/50000
Concurrency:  10
Duration:     30.05s
Requests:     13481
Errors:       0
Requests/sec: 448.62

Average:      22.173912ms
p50:          17.021096ms
p95:          58.902476ms
p99:          84.094212ms
Max:          197.27054ms
========================================

Cooling down 15s...

----------------------------------------------------------
V: concurrency 50
----------------------------------------------------------
========================================
V + CASSANDRA FULL OFFICIAL
========================================
UTC:
Tue Oct  6 22:27:31 UTC 2026


========================================
API BENCHMARK RESULTS
========================================
URL:          http://benchmark_v_cassandra:8080/parent/50000
Concurrency:  50
Duration:     30.169s
Requests:     20695
Errors:       0
Requests/sec: 685.98

Average:      72.533067ms
p50:          65.9522ms
p95:          158.938889ms
p99:          210.103757ms
Max:          320.474722ms
========================================

Cooling down 15s...

----------------------------------------------------------
V: concurrency 100
----------------------------------------------------------
========================================
V + CASSANDRA FULL OFFICIAL
========================================
UTC:
Tue Oct  6 22:28:21 UTC 2026


========================================
API BENCHMARK RESULTS
========================================
URL:          http://benchmark_v_cassandra:8080/parent/50000
Concurrency:  100
Duration:     30.25s
Requests:     17307
Errors:       0
Requests/sec: 572.13

Average:      173.922996ms
p50:          164.341332ms
p95:          329.650773ms
p99:          406.693982ms
Max:          580.499232ms
========================================

Cooling down 15s...

----------------------------------------------------------
V: concurrency 250
----------------------------------------------------------
========================================
V + CASSANDRA FULL OFFICIAL
========================================
UTC:
Tue Oct  6 22:29:11 UTC 2026


========================================
API BENCHMARK RESULTS
========================================
URL:          http://benchmark_v_cassandra:8080/parent/50000
Concurrency:  250
Duration:     30.668s
Requests:     21906
Errors:       0
Requests/sec: 714.29

Average:      345.541698ms
p50:          327.22665ms
p95:          605.574726ms
p99:          741.673373ms
Max:          915.019266ms
========================================

Cooling down 15s...

----------------------------------------------------------
V: concurrency 500
----------------------------------------------------------
========================================
V + CASSANDRA FULL OFFICIAL
========================================
UTC:
Tue Oct  6 22:30:01 UTC 2026


========================================
API BENCHMARK RESULTS
========================================
URL:          http://benchmark_v_cassandra:8080/parent/50000
Concurrency:  500
Duration:     31.033s
Requests:     18296
Errors:       0
Requests/sec: 589.57

Average:      835.442081ms
p50:          808.134693ms
p95:          1.244408232s
p99:          1.449120942s
Max:          2.074091727s
========================================

Cooling down 15s...

----------------------------------------------------------
V: concurrency 1000
----------------------------------------------------------
========================================
V + CASSANDRA FULL OFFICIAL
========================================
UTC:
Tue Oct  6 22:30:52 UTC 2026


========================================
API BENCHMARK RESULTS
========================================
URL:          http://benchmark_v_cassandra:8080/parent/50000
Concurrency:  1000
Duration:     40.154s
Requests:     19542
Errors:       105
Requests/sec: 486.68

Average:      1.578685797s
p50:          1.539501966s
p95:          2.194570572s
p99:          2.523032359s
Max:          10.081560913s
========================================

Cooling down 15s...
Stopping benchmark_v_cassandra...
Completed v.

==========================================================
NIM + CASSANDRA FULL
==========================================================
Waiting 15s...
Smoke testing nim...
Smoke test passed.

----------------------------------------------------------
NIM: concurrency 1
----------------------------------------------------------
========================================
NIM + CASSANDRA FULL OFFICIAL
========================================
UTC:
Tue Oct  6 22:32:23 UTC 2026


========================================
API BENCHMARK RESULTS
========================================
URL:          http://benchmark_nim_cassandra:8080/parent/50000
Concurrency:  1
Duration:     30.032s
Requests:     4343
Errors:       0
Requests/sec: 144.61

Average:      6.779896ms
p50:          4.385741ms
p95:          18.605584ms
p99:          31.120908ms
Max:          73.723112ms
========================================

Cooling down 15s...

----------------------------------------------------------
NIM: concurrency 10
----------------------------------------------------------
========================================
NIM + CASSANDRA FULL OFFICIAL
========================================
UTC:
Tue Oct  6 22:33:13 UTC 2026


========================================
API BENCHMARK RESULTS
========================================
URL:          http://benchmark_nim_cassandra:8080/parent/50000
Concurrency:  10
Duration:     30.056s
Requests:     25433
Errors:       0
Requests/sec: 846.19

Average:      11.708504ms
p50:          9.017142ms
p95:          29.611275ms
p99:          44.437571ms
Max:          133.930066ms
========================================

Cooling down 15s...

----------------------------------------------------------
NIM: concurrency 50
----------------------------------------------------------
========================================
NIM + CASSANDRA FULL OFFICIAL
========================================
UTC:
Tue Oct  6 22:34:02 UTC 2026


========================================
API BENCHMARK RESULTS
========================================
URL:          http://benchmark_nim_cassandra:8080/parent/50000
Concurrency:  50
Duration:     30.038s
Requests:     50403
Errors:       0
Requests/sec: 1677.98

Average:      29.401039ms
p50:          25.889906ms
p95:          62.161488ms
p99:          85.299437ms
Max:          261.495262ms
========================================

Cooling down 15s...

----------------------------------------------------------
NIM: concurrency 100
----------------------------------------------------------
========================================
NIM + CASSANDRA FULL OFFICIAL
========================================
UTC:
Tue Oct  6 22:34:52 UTC 2026


========================================
API BENCHMARK RESULTS
========================================
URL:          http://benchmark_nim_cassandra:8080/parent/50000
Concurrency:  100
Duration:     30.092s
Requests:     71200
Errors:       0
Requests/sec: 2366.06

Average:      41.555145ms
p50:          36.430095ms
p95:          88.906874ms
p99:          130.769424ms
Max:          284.092052ms
========================================

Cooling down 15s...

----------------------------------------------------------
NIM: concurrency 250
----------------------------------------------------------
========================================
NIM + CASSANDRA FULL OFFICIAL
========================================
UTC:
Tue Oct  6 22:35:41 UTC 2026


========================================
API BENCHMARK RESULTS
========================================
URL:          http://benchmark_nim_cassandra:8080/parent/50000
Concurrency:  250
Duration:     30.089s
Requests:     76417
Errors:       0
Requests/sec: 2539.70

Average:      96.998807ms
p50:          89.041588ms
p95:          187.094824ms
p99:          231.553677ms
Max:          350.639876ms
========================================

Cooling down 15s...

----------------------------------------------------------
NIM: concurrency 500
----------------------------------------------------------
========================================
NIM + CASSANDRA FULL OFFICIAL
========================================
UTC:
Tue Oct  6 22:36:30 UTC 2026


========================================
API BENCHMARK RESULTS
========================================
URL:          http://benchmark_nim_cassandra:8080/parent/50000
Concurrency:  500
Duration:     30.509s
Requests:     86447
Errors:       0
Requests/sec: 2833.45

Average:      173.725592ms
p50:          161.375759ms
p95:          321.210945ms
p99:          438.139031ms
Max:          625.756031ms
========================================

Cooling down 15s...

----------------------------------------------------------
NIM: concurrency 1000
----------------------------------------------------------
========================================
NIM + CASSANDRA FULL OFFICIAL
========================================
UTC:
Tue Oct  6 22:37:21 UTC 2026


========================================
API BENCHMARK RESULTS
========================================
URL:          http://benchmark_nim_cassandra:8080/parent/50000
Concurrency:  1000
Duration:     30.412s
Requests:     612
Errors:       355491
Requests/sec: 20.12

Average:      84.702993ms
p50:          43.36338ms
p95:          149.949018ms
p99:          302.944861ms
Max:          10.036617069s
========================================

Cooling down 15s...
Stopping benchmark_nim_cassandra...
Completed nim.

==========================================================
ZIG + CASSANDRA FULL
==========================================================
Waiting 15s...
Smoke testing zig...
Smoke test passed.

----------------------------------------------------------
ZIG: concurrency 1
----------------------------------------------------------
========================================
ZIG + CASSANDRA FULL OFFICIAL
========================================
UTC:
Tue Oct  6 22:38:31 UTC 2026


========================================
API BENCHMARK RESULTS
========================================
URL:          http://benchmark_zig_cassandra:8080/parent/50000
Concurrency:  1
Duration:     30.015s
Requests:     4388
Errors:       0
Requests/sec: 146.19

Average:      6.717991ms
p50:          4.619684ms
p95:          18.820874ms
p99:          28.111745ms
Max:          80.193126ms
========================================

Cooling down 15s...

----------------------------------------------------------
ZIG: concurrency 10
----------------------------------------------------------
========================================
ZIG + CASSANDRA FULL OFFICIAL
========================================
UTC:
Tue Oct  6 22:39:21 UTC 2026


========================================
API BENCHMARK RESULTS
========================================
URL:          http://benchmark_zig_cassandra:8080/parent/50000
Concurrency:  10
Duration:     30.045s
Requests:     19383
Errors:       0
Requests/sec: 645.13

Average:      15.367535ms
p50:          12.298555ms
p95:          37.699807ms
p99:          57.925113ms
Max:          125.460421ms
========================================

Cooling down 15s...

----------------------------------------------------------
ZIG: concurrency 50
----------------------------------------------------------
========================================
ZIG + CASSANDRA FULL OFFICIAL
========================================
UTC:
Tue Oct  6 22:40:10 UTC 2026


========================================
API BENCHMARK RESULTS
========================================
URL:          http://benchmark_zig_cassandra:8080/parent/50000
Concurrency:  50
Duration:     30.061s
Requests:     39449
Errors:       0
Requests/sec: 1312.30

Average:      37.586441ms
p50:          32.345964ms
p95:          84.031908ms
p99:          122.562942ms
Max:          437.90348ms
========================================

Cooling down 15s...

----------------------------------------------------------
ZIG: concurrency 100
----------------------------------------------------------
========================================
ZIG + CASSANDRA FULL OFFICIAL
========================================
UTC:
Tue Oct  6 22:41:00 UTC 2026


========================================
API BENCHMARK RESULTS
========================================
URL:          http://benchmark_zig_cassandra:8080/parent/50000
Concurrency:  100
Duration:     30.089s
Requests:     59225
Errors:       0
Requests/sec: 1968.30

Average:      50.326708ms
p50:          45.477242ms
p95:          102.148732ms
p99:          142.714635ms
Max:          351.000759ms
========================================

Cooling down 15s...

----------------------------------------------------------
ZIG: concurrency 250
----------------------------------------------------------
========================================
ZIG + CASSANDRA FULL OFFICIAL
========================================
UTC:
Tue Oct  6 22:41:50 UTC 2026


========================================
API BENCHMARK RESULTS
========================================
URL:          http://benchmark_zig_cassandra:8080/parent/50000
Concurrency:  250
Duration:     30.277s
Requests:     60430
Errors:       0
Requests/sec: 1995.90

Average:      123.967188ms
p50:          117.31319ms
p95:          218.590006ms
p99:          284.456282ms
Max:          2.64917635s
========================================

Cooling down 15s...

----------------------------------------------------------
ZIG: concurrency 500
----------------------------------------------------------
========================================
ZIG + CASSANDRA FULL OFFICIAL
========================================
UTC:
Tue Oct  6 22:42:39 UTC 2026


========================================
API BENCHMARK RESULTS
========================================
URL:          http://benchmark_zig_cassandra:8080/parent/50000
Concurrency:  500
Duration:     30.378s
Requests:     58059
Errors:       29
Requests/sec: 1911.19

Average:      259.080784ms
p50:          232.053579ms
p95:          432.375907ms
p99:          582.814255ms
Max:          10.011320989s
========================================

Cooling down 15s...

----------------------------------------------------------
ZIG: concurrency 1000
----------------------------------------------------------
========================================
ZIG + CASSANDRA FULL OFFICIAL
========================================
UTC:
Tue Oct  6 22:43:30 UTC 2026


========================================
API BENCHMARK RESULTS
========================================
URL:          http://benchmark_zig_cassandra:8080/parent/50000
Concurrency:  1000
Duration:     33.965s
Requests:     65372
Errors:       698
Requests/sec: 1924.70

Average:      464.916329ms
p50:          308.88589ms
p95:          513.225045ms
p99:          10.000314201s
Max:          10.04785937s
========================================

Cooling down 15s...
Stopping benchmark_zig_cassandra...
Completed zig.

==========================================================
CASSANDRA FULL COMPLETE
==========================================================
Results: benchmark/results/cassandra_full_sequential/run_20261006_212156
Summary: benchmark/results/cassandra_full_sequential/run_20261006_212156/summary.txt


Cooling server for 60 seconds between phases...

PHASE 2/3: POSTGRESQL LIMITED
==========================================================
POSTGRES LIMITED SEQUENTIAL BENCHMARK
==========================================================
UTC start: Tue Oct  6 22:45:26 UTC 2026
Output: benchmark/results/postgres_limited_sequential/run_20261006_224525

Stopping unrelated benchmark containers...
Configuring benchmark_postgres...
Waiting for database health...
benchmark_postgres ready: healthy

==========================================================
GO + POSTGRES LIMITED
==========================================================
Waiting 15s...
Smoke testing go...
Smoke test passed.

----------------------------------------------------------
GO: concurrency 1
----------------------------------------------------------
========================================
GO + POSTGRES LIMITED OFFICIAL
========================================
UTC:
Tue Oct  6 22:46:16 UTC 2026


========================================
API BENCHMARK RESULTS
========================================
URL:          http://benchmark_go_postgres:8080/parent/50000
Concurrency:  1
Duration:     30.004s
Requests:     12700
Errors:       0
Requests/sec: 423.28

Average:      2.28949ms
p50:          1.316969ms
p95:          7.809942ms
p99:          16.113246ms
Max:          60.459051ms
========================================

Cooling down 15s...

----------------------------------------------------------
GO: concurrency 10
----------------------------------------------------------
========================================
GO + POSTGRES LIMITED OFFICIAL
========================================
UTC:
Tue Oct  6 22:47:05 UTC 2026


========================================
API BENCHMARK RESULTS
========================================
URL:          http://benchmark_go_postgres:8080/parent/50000
Concurrency:  10
Duration:     30.043s
Requests:     44774
Errors:       0
Requests/sec: 1490.32

Average:      6.633929ms
p50:          4.496655ms
p95:          19.568101ms
p99:          32.477436ms
Max:          138.290194ms
========================================

Cooling down 15s...

----------------------------------------------------------
GO: concurrency 50
----------------------------------------------------------
========================================
GO + POSTGRES LIMITED OFFICIAL
========================================
UTC:
Tue Oct  6 22:47:54 UTC 2026


========================================
API BENCHMARK RESULTS
========================================
URL:          http://benchmark_go_postgres:8080/parent/50000
Concurrency:  50
Duration:     30.037s
Requests:     55466
Errors:       0
Requests/sec: 1846.60

Average:      26.520404ms
p50:          20.116376ms
p95:          67.841215ms
p99:          113.66722ms
Max:          704.833069ms
========================================

Cooling down 15s...

----------------------------------------------------------
GO: concurrency 100
----------------------------------------------------------
========================================
GO + POSTGRES LIMITED OFFICIAL
========================================
UTC:
Tue Oct  6 22:48:44 UTC 2026


========================================
API BENCHMARK RESULTS
========================================
URL:          http://benchmark_go_postgres:8080/parent/50000
Concurrency:  100
Duration:     30.094s
Requests:     61535
Errors:       0
Requests/sec: 2044.78

Average:      48.029911ms
p50:          40.984926ms
p95:          108.373675ms
p99:          158.83143ms
Max:          283.016899ms
========================================

Cooling down 15s...

----------------------------------------------------------
GO: concurrency 250
----------------------------------------------------------
========================================
GO + POSTGRES LIMITED OFFICIAL
========================================
UTC:
Tue Oct  6 22:49:33 UTC 2026


========================================
API BENCHMARK RESULTS
========================================
URL:          http://benchmark_go_postgres:8080/parent/50000
Concurrency:  250
Duration:     30.188s
Requests:     63417
Errors:       0
Requests/sec: 2100.71

Average:      116.762986ms
p50:          105.104158ms
p95:          242.484208ms
p99:          349.542953ms
Max:          1.00358504s
========================================

Cooling down 15s...

----------------------------------------------------------
GO: concurrency 500
----------------------------------------------------------
========================================
GO + POSTGRES LIMITED OFFICIAL
========================================
UTC:
Tue Oct  6 22:50:23 UTC 2026


========================================
API BENCHMARK RESULTS
========================================
URL:          http://benchmark_go_postgres:8080/parent/50000
Concurrency:  500
Duration:     30.36s
Requests:     65566
Errors:       0
Requests/sec: 2159.59

Average:      228.292107ms
p50:          216.44774ms
p95:          391.5843ms
p99:          502.005651ms
Max:          1.051552678s
========================================

Cooling down 15s...

----------------------------------------------------------
GO: concurrency 1000
----------------------------------------------------------
========================================
GO + POSTGRES LIMITED OFFICIAL
========================================
UTC:
Tue Oct  6 22:51:14 UTC 2026


========================================
API BENCHMARK RESULTS
========================================
URL:          http://benchmark_go_postgres:8080/parent/50000
Concurrency:  1000
Duration:     30.521s
Requests:     82297
Errors:       0
Requests/sec: 2696.37

Average:      363.005926ms
p50:          332.390725ms
p95:          674.428178ms
p99:          899.14515ms
Max:          1.791547324s
========================================

Cooling down 15s...
Stopping benchmark_go_postgres...
Completed go.

==========================================================
RUST + POSTGRES LIMITED
==========================================================
Waiting 15s...
Smoke testing rust...
Smoke test passed.

----------------------------------------------------------
RUST: concurrency 1
----------------------------------------------------------
========================================
RUST + POSTGRES LIMITED OFFICIAL
========================================
UTC:
Tue Oct  6 22:52:26 UTC 2026


========================================
API BENCHMARK RESULTS
========================================
URL:          http://benchmark_rust_postgres:8080/parent/50000
Concurrency:  1
Duration:     30.022s
Requests:     6573
Errors:       0
Requests/sec: 218.94

Average:      4.362462ms
p50:          2.282298ms
p95:          14.17217ms
p99:          24.95265ms
Max:          55.678564ms
========================================

Cooling down 15s...

----------------------------------------------------------
RUST: concurrency 10
----------------------------------------------------------
========================================
RUST + POSTGRES LIMITED OFFICIAL
========================================
UTC:
Tue Oct  6 22:53:15 UTC 2026


========================================
API BENCHMARK RESULTS
========================================
URL:          http://benchmark_rust_postgres:8080/parent/50000
Concurrency:  10
Duration:     30.047s
Requests:     23161
Errors:       0
Requests/sec: 770.81

Average:      12.887704ms
p50:          10.141869ms
p95:          32.544539ms
p99:          48.451084ms
Max:          246.670289ms
========================================

Cooling down 15s...

----------------------------------------------------------
RUST: concurrency 50
----------------------------------------------------------
========================================
RUST + POSTGRES LIMITED OFFICIAL
========================================
UTC:
Tue Oct  6 22:54:05 UTC 2026


========================================
API BENCHMARK RESULTS
========================================
URL:          http://benchmark_rust_postgres:8080/parent/50000
Concurrency:  50
Duration:     30.051s
Requests:     44156
Errors:       0
Requests/sec: 1469.38

Average:      33.634447ms
p50:          28.665989ms
p95:          74.379192ms
p99:          113.084292ms
Max:          862.066222ms
========================================

Cooling down 15s...

----------------------------------------------------------
RUST: concurrency 100
----------------------------------------------------------
========================================
RUST + POSTGRES LIMITED OFFICIAL
========================================
UTC:
Tue Oct  6 22:54:53 UTC 2026


========================================
API BENCHMARK RESULTS
========================================
URL:          http://benchmark_rust_postgres:8080/parent/50000
Concurrency:  100
Duration:     30.123s
Requests:     41296
Errors:       0
Requests/sec: 1370.89

Average:      71.87187ms
p50:          63.309596ms
p95:          158.933489ms
p99:          211.831183ms
Max:          444.495804ms
========================================

Cooling down 15s...

----------------------------------------------------------
RUST: concurrency 250
----------------------------------------------------------
========================================
RUST + POSTGRES LIMITED OFFICIAL
========================================
UTC:
Tue Oct  6 22:55:43 UTC 2026


========================================
API BENCHMARK RESULTS
========================================
URL:          http://benchmark_rust_postgres:8080/parent/50000
Concurrency:  250
Duration:     30.164s
Requests:     54902
Errors:       0
Requests/sec: 1820.14

Average:      136.19035ms
p50:          131.930707ms
p95:          248.558204ms
p99:          320.758256ms
Max:          479.66737ms
========================================

Cooling down 15s...

----------------------------------------------------------
RUST: concurrency 500
----------------------------------------------------------
========================================
RUST + POSTGRES LIMITED OFFICIAL
========================================
UTC:
Tue Oct  6 22:56:32 UTC 2026


========================================
API BENCHMARK RESULTS
========================================
URL:          http://benchmark_rust_postgres:8080/parent/50000
Concurrency:  500
Duration:     30.399s
Requests:     53605
Errors:       0
Requests/sec: 1763.40

Average:      280.056648ms
p50:          257.477515ms
p95:          528.191529ms
p99:          645.439751ms
Max:          1.677276663s
========================================

Cooling down 15s...

----------------------------------------------------------
RUST: concurrency 1000
----------------------------------------------------------
========================================
RUST + POSTGRES LIMITED OFFICIAL
========================================
UTC:
Tue Oct  6 22:57:22 UTC 2026


========================================
API BENCHMARK RESULTS
========================================
URL:          http://benchmark_rust_postgres:8080/parent/50000
Concurrency:  1000
Duration:     31.074s
Requests:     59271
Errors:       132
Requests/sec: 1907.42

Average:      514.770137ms
p50:          474.91087ms
p95:          853.037729ms
p99:          979.668596ms
Max:          10.34692338s
========================================

Cooling down 15s...
Stopping benchmark_rust_postgres...
Completed rust.

==========================================================
NODE + POSTGRES LIMITED
==========================================================
Waiting 15s...
Smoke testing node...
Smoke test passed.

----------------------------------------------------------
NODE: concurrency 1
----------------------------------------------------------
========================================
NODE + POSTGRES LIMITED OFFICIAL
========================================
UTC:
Tue Oct  6 22:58:45 UTC 2026


========================================
API BENCHMARK RESULTS
========================================
URL:          http://benchmark_node_postgres:8080/parent/50000
Concurrency:  1
Duration:     30.005s
Requests:     2811
Errors:       0
Requests/sec: 93.68

Average:      10.233708ms
p50:          7.771421ms
p95:          25.634905ms
p99:          38.919296ms
Max:          117.817074ms
========================================

Cooling down 15s...

----------------------------------------------------------
NODE: concurrency 10
----------------------------------------------------------
========================================
NODE + POSTGRES LIMITED OFFICIAL
========================================
UTC:
Tue Oct  6 22:59:35 UTC 2026


========================================
API BENCHMARK RESULTS
========================================
URL:          http://benchmark_node_postgres:8080/parent/50000
Concurrency:  10
Duration:     30.05s
Requests:     8942
Errors:       0
Requests/sec: 297.57

Average:      33.462856ms
p50:          20.112609ms
p95:          106.520932ms
p99:          164.702343ms
Max:          380.876588ms
========================================

Cooling down 15s...

----------------------------------------------------------
NODE: concurrency 50
----------------------------------------------------------
========================================
NODE + POSTGRES LIMITED OFFICIAL
========================================
UTC:
Tue Oct  6 23:00:25 UTC 2026


========================================
API BENCHMARK RESULTS
========================================
URL:          http://benchmark_node_postgres:8080/parent/50000
Concurrency:  50
Duration:     30.319s
Requests:     13210
Errors:       0
Requests/sec: 435.69

Average:      114.098347ms
p50:          76.438582ms
p95:          295.715795ms
p99:          434.04524ms
Max:          3.086466648s
========================================

Cooling down 15s...

----------------------------------------------------------
NODE: concurrency 100
----------------------------------------------------------
========================================
NODE + POSTGRES LIMITED OFFICIAL
========================================
UTC:
Tue Oct  6 23:01:15 UTC 2026


========================================
API BENCHMARK RESULTS
========================================
URL:          http://benchmark_node_postgres:8080/parent/50000
Concurrency:  100
Duration:     30.106s
Requests:     19364
Errors:       0
Requests/sec: 643.20

Average:      154.871836ms
p50:          114.418709ms
p95:          349.625119ms
p99:          490.131514ms
Max:          4.717800937s
========================================

Cooling down 15s...

----------------------------------------------------------
NODE: concurrency 250
----------------------------------------------------------
========================================
NODE + POSTGRES LIMITED OFFICIAL
========================================
UTC:
Tue Oct  6 23:02:03 UTC 2026


========================================
API BENCHMARK RESULTS
========================================
URL:          http://benchmark_node_postgres:8080/parent/50000
Concurrency:  250
Duration:     30.317s
Requests:     14461
Errors:       190
Requests/sec: 477.00

Average:      513.964955ms
p50:          308.198931ms
p95:          755.132912ms
p99:          10.000816385s
Max:          10.130659632s
========================================

Cooling down 15s...

----------------------------------------------------------
NODE: concurrency 500
----------------------------------------------------------
========================================
NODE + POSTGRES LIMITED OFFICIAL
========================================
UTC:
Tue Oct  6 23:02:53 UTC 2026


========================================
API BENCHMARK RESULTS
========================================
URL:          http://benchmark_node_postgres:8080/parent/50000
Concurrency:  500
Duration:     33.373s
Requests:     13561
Errors:       954
Requests/sec: 406.35

Average:      1.065664082s
p50:          332.611141ms
p95:          10.001201369s
p99:          10.039751898s
Max:          10.160999231s
========================================

Cooling down 15s...

----------------------------------------------------------
NODE: concurrency 1000
----------------------------------------------------------
========================================
NODE + POSTGRES LIMITED OFFICIAL
========================================
UTC:
Tue Oct  6 23:03:46 UTC 2026


========================================
API BENCHMARK RESULTS
========================================
URL:          http://benchmark_node_postgres:8080/parent/50000
Concurrency:  1000
Duration:     35.17s
Requests:     13742
Errors:       1525
Requests/sec: 390.73

Average:      2.056259677s
p50:          1.064133754s
p95:          10.005955059s
p99:          10.050078933s
Max:          10.380189164s
========================================

Cooling down 15s...
Stopping benchmark_node_postgres...
Completed node.

==========================================================
PYTHON + POSTGRES LIMITED
==========================================================
Waiting 15s...
Smoke testing python...
Smoke test passed.

----------------------------------------------------------
PYTHON: concurrency 1
----------------------------------------------------------
========================================
PYTHON + POSTGRES LIMITED OFFICIAL
========================================
UTC:
Tue Oct  6 23:05:13 UTC 2026


========================================
API BENCHMARK RESULTS
========================================
URL:          http://benchmark_python_postgres:8080/parent/50000
Concurrency:  1
Duration:     30.012s
Requests:     2776
Errors:       0
Requests/sec: 92.50

Average:      10.328442ms
p50:          7.958925ms
p95:          24.83298ms
p99:          34.72302ms
Max:          83.185515ms
========================================

Cooling down 15s...

----------------------------------------------------------
PYTHON: concurrency 10
----------------------------------------------------------
========================================
PYTHON + POSTGRES LIMITED OFFICIAL
========================================
UTC:
Tue Oct  6 23:06:02 UTC 2026


========================================
API BENCHMARK RESULTS
========================================
URL:          http://benchmark_python_postgres:8080/parent/50000
Concurrency:  10
Duration:     30.072s
Requests:     6006
Errors:       0
Requests/sec: 199.72

Average:      49.943628ms
p50:          34.35193ms
p95:          132.238665ms
p99:          202.905536ms
Max:          713.093193ms
========================================

Cooling down 15s...

----------------------------------------------------------
PYTHON: concurrency 50
----------------------------------------------------------
========================================
PYTHON + POSTGRES LIMITED OFFICIAL
========================================
UTC:
Tue Oct  6 23:06:51 UTC 2026


========================================
API BENCHMARK RESULTS
========================================
URL:          http://benchmark_python_postgres:8080/parent/50000
Concurrency:  50
Duration:     30.094s
Requests:     8920
Errors:       0
Requests/sec: 296.41

Average:      168.280718ms
p50:          100.266102ms
p95:          405.417823ms
p99:          725.663837ms
Max:          4.189297083s
========================================

Cooling down 15s...

----------------------------------------------------------
PYTHON: concurrency 100
----------------------------------------------------------
========================================
PYTHON + POSTGRES LIMITED OFFICIAL
========================================
UTC:
Tue Oct  6 23:07:41 UTC 2026


========================================
API BENCHMARK RESULTS
========================================
URL:          http://benchmark_python_postgres:8080/parent/50000
Concurrency:  100
Duration:     30.433s
Requests:     12198
Errors:       0
Requests/sec: 400.82

Average:      248.296697ms
p50:          183.304535ms
p95:          617.477989ms
p99:          809.396978ms
Max:          1.793409463s
========================================

Cooling down 15s...

----------------------------------------------------------
PYTHON: concurrency 250
----------------------------------------------------------
========================================
PYTHON + POSTGRES LIMITED OFFICIAL
========================================
UTC:
Tue Oct  6 23:08:31 UTC 2026


========================================
API BENCHMARK RESULTS
========================================
URL:          http://benchmark_python_postgres:8080/parent/50000
Concurrency:  250
Duration:     30.486s
Requests:     10026
Errors:       0
Requests/sec: 328.87

Average:      754.998333ms
p50:          445.534176ms
p95:          2.418611348s
p99:          3.872631977s
Max:          8.036227483s
========================================

Cooling down 15s...

----------------------------------------------------------
PYTHON: concurrency 500
----------------------------------------------------------
========================================
PYTHON + POSTGRES LIMITED OFFICIAL
========================================
UTC:
Tue Oct  6 23:09:21 UTC 2026


========================================
API BENCHMARK RESULTS
========================================
URL:          http://benchmark_python_postgres:8080/parent/50000
Concurrency:  500
Duration:     30.962s
Requests:     9311
Errors:       267
Requests/sec: 300.72

Average:      1.599127243s
p50:          552.556131ms
p95:          7.122468708s
p99:          10.068571689s
Max:          10.319804699s
========================================

Cooling down 15s...

----------------------------------------------------------
PYTHON: concurrency 1000
----------------------------------------------------------
========================================
PYTHON + POSTGRES LIMITED OFFICIAL
========================================
UTC:
Tue Oct  6 23:10:11 UTC 2026


========================================
API BENCHMARK RESULTS
========================================
URL:          http://benchmark_python_postgres:8080/parent/50000
Concurrency:  1000
Duration:     35.16s
Requests:     9015
Errors:       960
Requests/sec: 256.40

Average:      3.186438192s
p50:          2.227353807s
p95:          10.001980065s
p99:          10.071166004s
Max:          10.197263038s
========================================

Cooling down 15s...
Stopping benchmark_python_postgres...
Completed python.

==========================================================
PHP + POSTGRES LIMITED
==========================================================
Waiting 15s...
Smoke testing php...
Smoke test passed.

----------------------------------------------------------
PHP: concurrency 1
----------------------------------------------------------
========================================
PHP + POSTGRES LIMITED OFFICIAL
========================================
UTC:
Tue Oct  6 23:11:28 UTC 2026


========================================
API BENCHMARK RESULTS
========================================
URL:          http://benchmark_php_postgres:8080/parent/50000
Concurrency:  1
Duration:     30.062s
Requests:     3150
Errors:       0
Requests/sec: 104.78

Average:      9.409517ms
p50:          7.129964ms
p95:          22.442029ms
p99:          37.400693ms
Max:          168.100895ms
========================================

Cooling down 15s...

----------------------------------------------------------
PHP: concurrency 10
----------------------------------------------------------
========================================
PHP + POSTGRES LIMITED OFFICIAL
========================================
UTC:
Tue Oct  6 23:12:18 UTC 2026


========================================
API BENCHMARK RESULTS
========================================
URL:          http://benchmark_php_postgres:8080/parent/50000
Concurrency:  10
Duration:     30.068s
Requests:     11255
Errors:       0
Requests/sec: 374.31

Average:      26.53682ms
p50:          18.612123ms
p95:          71.946715ms
p99:          100.863396ms
Max:          520.651726ms
========================================

Cooling down 15s...

----------------------------------------------------------
PHP: concurrency 50
----------------------------------------------------------
========================================
PHP + POSTGRES LIMITED OFFICIAL
========================================
UTC:
Tue Oct  6 23:13:07 UTC 2026


========================================
API BENCHMARK RESULTS
========================================
URL:          http://benchmark_php_postgres:8080/parent/50000
Concurrency:  50
Duration:     30.184s
Requests:     10662
Errors:       0
Requests/sec: 353.24

Average:      140.644151ms
p50:          118.713943ms
p95:          313.658448ms
p99:          462.107787ms
Max:          1.102710775s
========================================

Cooling down 15s...

----------------------------------------------------------
PHP: concurrency 100
----------------------------------------------------------
========================================
PHP + POSTGRES LIMITED OFFICIAL
========================================
UTC:
Tue Oct  6 23:13:57 UTC 2026


========================================
API BENCHMARK RESULTS
========================================
URL:          http://benchmark_php_postgres:8080/parent/50000
Concurrency:  100
Duration:     30.154s
Requests:     12609
Errors:       0
Requests/sec: 418.16

Average:      237.951534ms
p50:          210.829884ms
p95:          456.332328ms
p99:          600.148584ms
Max:          1.720537203s
========================================

Cooling down 15s...

----------------------------------------------------------
PHP: concurrency 250
----------------------------------------------------------
========================================
PHP + POSTGRES LIMITED OFFICIAL
========================================
UTC:
Tue Oct  6 23:14:46 UTC 2026


========================================
API BENCHMARK RESULTS
========================================
URL:          http://benchmark_php_postgres:8080/parent/50000
Concurrency:  250
Duration:     30.59s
Requests:     13095
Errors:       0
Requests/sec: 428.08

Average:      578.047334ms
p50:          570.738263ms
p95:          893.221128ms
p99:          1.177983425s
Max:          1.561292686s
========================================

Cooling down 15s...

----------------------------------------------------------
PHP: concurrency 500
----------------------------------------------------------
========================================
PHP + POSTGRES LIMITED OFFICIAL
========================================
UTC:
Tue Oct  6 23:15:36 UTC 2026


========================================
API BENCHMARK RESULTS
========================================
URL:          http://benchmark_php_postgres:8080/parent/50000
Concurrency:  500
Duration:     31.091s
Requests:     12307
Errors:       0
Requests/sec: 395.84

Average:      1.241902996s
p50:          1.203209159s
p95:          1.784050125s
p99:          1.982355327s
Max:          3.020275005s
========================================

Cooling down 15s...

----------------------------------------------------------
PHP: concurrency 1000
----------------------------------------------------------
========================================
PHP + POSTGRES LIMITED OFFICIAL
========================================
UTC:
Tue Oct  6 23:16:27 UTC 2026


========================================
API BENCHMARK RESULTS
========================================
URL:          http://benchmark_php_postgres:8080/parent/50000
Concurrency:  1000
Duration:     32.295s
Requests:     14548
Errors:       0
Requests/sec: 450.48

Average:      2.141041119s
p50:          2.16794548s
p95:          2.767875435s
p99:          3.032219101s
Max:          3.790971704s
========================================

Cooling down 15s...
Stopping benchmark_php_postgres...
Completed php.

==========================================================
CPP + POSTGRES LIMITED
==========================================================
Waiting 15s...
Smoke testing cpp...
Smoke test passed.

----------------------------------------------------------
CPP: concurrency 1
----------------------------------------------------------
========================================
CPP + POSTGRES LIMITED OFFICIAL
========================================
UTC:
Tue Oct  6 23:17:40 UTC 2026


========================================
API BENCHMARK RESULTS
========================================
URL:          http://benchmark_cpp_postgres:8080/parent/50000
Concurrency:  1
Duration:     30.009s
Requests:     3649
Errors:       0
Requests/sec: 121.60

Average:      8.040329ms
p50:          6.1666ms
p95:          19.489048ms
p99:          31.790914ms
Max:          124.186874ms
========================================

Cooling down 15s...

----------------------------------------------------------
CPP: concurrency 10
----------------------------------------------------------
========================================
CPP + POSTGRES LIMITED OFFICIAL
========================================
UTC:
Tue Oct  6 23:18:29 UTC 2026


========================================
API BENCHMARK RESULTS
========================================
URL:          http://benchmark_cpp_postgres:8080/parent/50000
Concurrency:  10
Duration:     30.042s
Requests:     14792
Errors:       0
Requests/sec: 492.39

Average:      20.085589ms
p50:          16.502903ms
p95:          46.728844ms
p99:          75.960748ms
Max:          149.368487ms
========================================

Cooling down 15s...

----------------------------------------------------------
CPP: concurrency 50
----------------------------------------------------------
========================================
CPP + POSTGRES LIMITED OFFICIAL
========================================
UTC:
Tue Oct  6 23:19:19 UTC 2026


========================================
API BENCHMARK RESULTS
========================================
URL:          http://benchmark_cpp_postgres:8080/parent/50000
Concurrency:  50
Duration:     30.147s
Requests:     13629
Errors:       0
Requests/sec: 452.09

Average:      110.014635ms
p50:          94.93362ms
p95:          242.934669ms
p99:          365.292759ms
Max:          680.012288ms
========================================

Cooling down 15s...

----------------------------------------------------------
CPP: concurrency 100
----------------------------------------------------------
========================================
CPP + POSTGRES LIMITED OFFICIAL
========================================
UTC:
Tue Oct  6 23:20:08 UTC 2026


========================================
API BENCHMARK RESULTS
========================================
URL:          http://benchmark_cpp_postgres:8080/parent/50000
Concurrency:  100
Duration:     30.169s
Requests:     13174
Errors:       0
Requests/sec: 436.68

Average:      227.666704ms
p50:          207.362436ms
p95:          424.648212ms
p99:          646.209467ms
Max:          848.379367ms
========================================

Cooling down 15s...

----------------------------------------------------------
CPP: concurrency 250
----------------------------------------------------------
========================================
CPP + POSTGRES LIMITED OFFICIAL
========================================
UTC:
Tue Oct  6 23:20:57 UTC 2026


========================================
API BENCHMARK RESULTS
========================================
URL:          http://benchmark_cpp_postgres:8080/parent/50000
Concurrency:  250
Duration:     30.733s
Requests:     12180
Errors:       0
Requests/sec: 396.32

Average:      623.489686ms
p50:          601.252807ms
p95:          1.103971583s
p99:          1.322182376s
Max:          1.565826277s
========================================

Cooling down 15s...

----------------------------------------------------------
CPP: concurrency 500
----------------------------------------------------------
========================================
CPP + POSTGRES LIMITED OFFICIAL
========================================
UTC:
Tue Oct  6 23:21:48 UTC 2026


========================================
API BENCHMARK RESULTS
========================================
URL:          http://benchmark_cpp_postgres:8080/parent/50000
Concurrency:  500
Duration:     31.979s
Requests:     12019
Errors:       0
Requests/sec: 375.84

Average:      1.292726647s
p50:          1.249947705s
p95:          1.959349514s
p99:          2.192139135s
Max:          2.510449854s
========================================

Cooling down 15s...

----------------------------------------------------------
CPP: concurrency 1000
----------------------------------------------------------
========================================
CPP + POSTGRES LIMITED OFFICIAL
========================================
UTC:
Tue Oct  6 23:22:39 UTC 2026


========================================
API BENCHMARK RESULTS
========================================
URL:          http://benchmark_cpp_postgres:8080/parent/50000
Concurrency:  1000
Duration:     32.911s
Requests:     14905
Errors:       0
Requests/sec: 452.89

Average:      2.122691603s
p50:          2.139102132s
p95:          2.896591974s
p99:          3.440780837s
Max:          3.526889187s
========================================

Cooling down 15s...
Stopping benchmark_cpp_postgres...
Completed cpp.

==========================================================
JAVA + POSTGRES LIMITED
==========================================================
Waiting 15s...
Smoke testing java...
Smoke test passed.

----------------------------------------------------------
JAVA: concurrency 1
----------------------------------------------------------
========================================
JAVA + POSTGRES LIMITED OFFICIAL
========================================
UTC:
Tue Oct  6 23:24:05 UTC 2026


========================================
API BENCHMARK RESULTS
========================================
URL:          http://benchmark_java_postgres:8080/parent/50000
Concurrency:  1
Duration:     30.018s
Requests:     3075
Errors:       0
Requests/sec: 102.44

Average:      9.385368ms
p50:          6.513929ms
p95:          26.522146ms
p99:          40.991656ms
Max:          71.800817ms
========================================

Cooling down 15s...

----------------------------------------------------------
JAVA: concurrency 10
----------------------------------------------------------
========================================
JAVA + POSTGRES LIMITED OFFICIAL
========================================
UTC:
Tue Oct  6 23:24:55 UTC 2026


========================================
API BENCHMARK RESULTS
========================================
URL:          http://benchmark_java_postgres:8080/parent/50000
Concurrency:  10
Duration:     30.056s
Requests:     9807
Errors:       0
Requests/sec: 326.29

Average:      30.51889ms
p50:          20.000998ms
p95:          87.258318ms
p99:          133.507047ms
Max:          968.65936ms
========================================

Cooling down 15s...

----------------------------------------------------------
JAVA: concurrency 50
----------------------------------------------------------
========================================
JAVA + POSTGRES LIMITED OFFICIAL
========================================
UTC:
Tue Oct  6 23:25:44 UTC 2026


========================================
API BENCHMARK RESULTS
========================================
URL:          http://benchmark_java_postgres:8080/parent/50000
Concurrency:  50
Duration:     30.034s
Requests:     22533
Errors:       0
Requests/sec: 750.25

Average:      66.351116ms
p50:          46.312838ms
p95:          188.850241ms
p99:          255.850567ms
Max:          1.235674353s
========================================

Cooling down 15s...

----------------------------------------------------------
JAVA: concurrency 100
----------------------------------------------------------
========================================
JAVA + POSTGRES LIMITED OFFICIAL
========================================
UTC:
Tue Oct  6 23:26:33 UTC 2026


========================================
API BENCHMARK RESULTS
========================================
URL:          http://benchmark_java_postgres:8080/parent/50000
Concurrency:  100
Duration:     30.262s
Requests:     38493
Errors:       0
Requests/sec: 1271.99

Average:      77.985218ms
p50:          53.574211ms
p95:          236.263912ms
p99:          338.98007ms
Max:          587.74138ms
========================================

Cooling down 15s...

----------------------------------------------------------
JAVA: concurrency 250
----------------------------------------------------------
========================================
JAVA + POSTGRES LIMITED OFFICIAL
========================================
UTC:
Tue Oct  6 23:27:23 UTC 2026


========================================
API BENCHMARK RESULTS
========================================
URL:          http://benchmark_java_postgres:8080/parent/50000
Concurrency:  250
Duration:     30.369s
Requests:     47038
Errors:       0
Requests/sec: 1548.87

Average:      159.502836ms
p50:          112.905261ms
p95:          432.306684ms
p99:          600.646364ms
Max:          996.593006ms
========================================

Cooling down 15s...

----------------------------------------------------------
JAVA: concurrency 500
----------------------------------------------------------
========================================
JAVA + POSTGRES LIMITED OFFICIAL
========================================
UTC:
Tue Oct  6 23:28:12 UTC 2026


========================================
API BENCHMARK RESULTS
========================================
URL:          http://benchmark_java_postgres:8080/parent/50000
Concurrency:  500
Duration:     30.609s
Requests:     36997
Errors:       0
Requests/sec: 1208.70

Average:      409.063215ms
p50:          389.959293ms
p95:          880.087012ms
p99:          1.05497517s
Max:          1.249503319s
========================================

Cooling down 15s...

----------------------------------------------------------
JAVA: concurrency 1000
----------------------------------------------------------
========================================
JAVA + POSTGRES LIMITED OFFICIAL
========================================
UTC:
Tue Oct  6 23:29:02 UTC 2026


========================================
API BENCHMARK RESULTS
========================================
URL:          http://benchmark_java_postgres:8080/parent/50000
Concurrency:  1000
Duration:     31.355s
Requests:     35321
Errors:       0
Requests/sec: 1126.50

Average:      872.99491ms
p50:          808.696786ms
p95:          1.866198286s
p99:          2.254074157s
Max:          2.427136277s
========================================

Cooling down 15s...
Stopping benchmark_java_postgres...
Completed java.

==========================================================
ELIXIR + POSTGRES LIMITED
==========================================================
Waiting 15s...
Smoke testing elixir...
Smoke test passed.

----------------------------------------------------------
ELIXIR: concurrency 1
----------------------------------------------------------
========================================
ELIXIR + POSTGRES LIMITED OFFICIAL
========================================
UTC:
Tue Oct  6 23:30:16 UTC 2026


========================================
API BENCHMARK RESULTS
========================================
URL:          http://benchmark_elixir_postgres:8080/parent/50000
Concurrency:  1
Duration:     30.03s
Requests:     2871
Errors:       0
Requests/sec: 95.60

Average:      10.070838ms
p50:          7.303842ms
p95:          26.277697ms
p99:          38.805736ms
Max:          72.322047ms
========================================

Cooling down 15s...

----------------------------------------------------------
ELIXIR: concurrency 10
----------------------------------------------------------
========================================
ELIXIR + POSTGRES LIMITED OFFICIAL
========================================
UTC:
Tue Oct  6 23:31:05 UTC 2026


========================================
API BENCHMARK RESULTS
========================================
URL:          http://benchmark_elixir_postgres:8080/parent/50000
Concurrency:  10
Duration:     30.031s
Requests:     9210
Errors:       0
Requests/sec: 306.69

Average:      32.234612ms
p50:          25.718753ms
p95:          80.704765ms
p99:          127.973269ms
Max:          250.429578ms
========================================

Cooling down 15s...

----------------------------------------------------------
ELIXIR: concurrency 50
----------------------------------------------------------
========================================
ELIXIR + POSTGRES LIMITED OFFICIAL
========================================
UTC:
Tue Oct  6 23:31:55 UTC 2026


========================================
API BENCHMARK RESULTS
========================================
URL:          http://benchmark_elixir_postgres:8080/parent/50000
Concurrency:  50
Duration:     30.147s
Requests:     13488
Errors:       0
Requests/sec: 447.41

Average:      110.785452ms
p50:          89.731576ms
p95:          257.496291ms
p99:          373.524029ms
Max:          1.253987377s
========================================

Cooling down 15s...

----------------------------------------------------------
ELIXIR: concurrency 100
----------------------------------------------------------
========================================
ELIXIR + POSTGRES LIMITED OFFICIAL
========================================
UTC:
Tue Oct  6 23:32:44 UTC 2026


========================================
API BENCHMARK RESULTS
========================================
URL:          http://benchmark_elixir_postgres:8080/parent/50000
Concurrency:  100
Duration:     30.235s
Requests:     11204
Errors:       0
Requests/sec: 370.56

Average:      268.389372ms
p50:          258.421394ms
p95:          448.006642ms
p99:          572.319363ms
Max:          686.791619ms
========================================

Cooling down 15s...

----------------------------------------------------------
ELIXIR: concurrency 250
----------------------------------------------------------
========================================
ELIXIR + POSTGRES LIMITED OFFICIAL
========================================
UTC:
Tue Oct  6 23:33:34 UTC 2026


========================================
API BENCHMARK RESULTS
========================================
URL:          http://benchmark_elixir_postgres:8080/parent/50000
Concurrency:  250
Duration:     30.786s
Requests:     15957
Errors:       1353
Requests/sec: 518.32

Average:      474.553468ms
p50:          177.379248ms
p95:          2.97948676s
p99:          4.859291965s
Max:          5.368973859s
========================================

Cooling down 15s...

----------------------------------------------------------
ELIXIR: concurrency 500
----------------------------------------------------------
========================================
ELIXIR + POSTGRES LIMITED OFFICIAL
========================================
UTC:
Tue Oct  6 23:34:24 UTC 2026


========================================
API BENCHMARK RESULTS
========================================
URL:          http://benchmark_elixir_postgres:8080/parent/50000
Concurrency:  500
Duration:     30.857s
Requests:     25733
Errors:       11094
Requests/sec: 833.95

Average:      589.155033ms
p50:          328.979125ms
p95:          1.107499231s
p99:          6.411009066s
Max:          7.204260897s
========================================

Cooling down 15s...

----------------------------------------------------------
ELIXIR: concurrency 1000
----------------------------------------------------------
========================================
ELIXIR + POSTGRES LIMITED OFFICIAL
========================================
UTC:
Tue Oct  6 23:35:14 UTC 2026


========================================
API BENCHMARK RESULTS
========================================
URL:          http://benchmark_elixir_postgres:8080/parent/50000
Concurrency:  1000
Duration:     36.499s
Requests:     36854
Errors:       26203
Requests/sec: 1009.72

Average:      827.111745ms
p50:          579.097284ms
p95:          1.625513067s
p99:          5.992192584s
Max:          10.070095334s
========================================

Cooling down 15s...
Stopping benchmark_elixir_postgres...
Completed elixir.

==========================================================
RUBY + POSTGRES LIMITED
==========================================================
Waiting 15s...
Smoke testing ruby...
Smoke test passed.

----------------------------------------------------------
RUBY: concurrency 1
----------------------------------------------------------
========================================
RUBY + POSTGRES LIMITED OFFICIAL
========================================
UTC:
Tue Oct  6 23:36:34 UTC 2026


========================================
API BENCHMARK RESULTS
========================================
URL:          http://benchmark_ruby_postgres:8080/parent/50000
Concurrency:  1
Duration:     30.023s
Requests:     4917
Errors:       0
Requests/sec: 163.77

Average:      5.95351ms
p50:          4.337198ms
p95:          15.357679ms
p99:          24.852334ms
Max:          109.438254ms
========================================

Cooling down 15s...

----------------------------------------------------------
RUBY: concurrency 10
----------------------------------------------------------
========================================
RUBY + POSTGRES LIMITED OFFICIAL
========================================
UTC:
Tue Oct  6 23:37:23 UTC 2026


========================================
API BENCHMARK RESULTS
========================================
URL:          http://benchmark_ruby_postgres:8080/parent/50000
Concurrency:  10
Duration:     30.037s
Requests:     7533
Errors:       0
Requests/sec: 250.79

Average:      39.745955ms
p50:          35.947347ms
p95:          72.583861ms
p99:          98.361354ms
Max:          404.723568ms
========================================

Cooling down 15s...

----------------------------------------------------------
RUBY: concurrency 50
----------------------------------------------------------
========================================
RUBY + POSTGRES LIMITED OFFICIAL
========================================
UTC:
Tue Oct  6 23:38:12 UTC 2026


========================================
API BENCHMARK RESULTS
========================================
URL:          http://benchmark_ruby_postgres:8080/parent/50000
Concurrency:  50
Duration:     30.099s
Requests:     7594
Errors:       0
Requests/sec: 252.30

Average:      197.736269ms
p50:          187.991516ms
p95:          295.864216ms
p99:          380.973022ms
Max:          1.53138633s
========================================

Cooling down 15s...

----------------------------------------------------------
RUBY: concurrency 100
----------------------------------------------------------
========================================
RUBY + POSTGRES LIMITED OFFICIAL
========================================
UTC:
Tue Oct  6 23:39:01 UTC 2026


========================================
API BENCHMARK RESULTS
========================================
URL:          http://benchmark_ruby_postgres:8080/parent/50000
Concurrency:  100
Duration:     30.328s
Requests:     7539
Errors:       0
Requests/sec: 248.58

Average:      400.17223ms
p50:          383.394638ms
p95:          590.165386ms
p99:          717.95061ms
Max:          2.481543885s
========================================

Cooling down 15s...

----------------------------------------------------------
RUBY: concurrency 250
----------------------------------------------------------
========================================
RUBY + POSTGRES LIMITED OFFICIAL
========================================
UTC:
Tue Oct  6 23:39:50 UTC 2026


========================================
API BENCHMARK RESULTS
========================================
URL:          http://benchmark_ruby_postgres:8080/parent/50000
Concurrency:  250
Duration:     30.795s
Requests:     7139
Errors:       0
Requests/sec: 231.82

Average:      1.065442157s
p50:          1.034440939s
p95:          1.447131366s
p99:          4.474703422s
Max:          5.533998328s
========================================

Cooling down 15s...

----------------------------------------------------------
RUBY: concurrency 500
----------------------------------------------------------
========================================
RUBY + POSTGRES LIMITED OFFICIAL
========================================
UTC:
Tue Oct  6 23:40:39 UTC 2026


========================================
API BENCHMARK RESULTS
========================================
URL:          http://benchmark_ruby_postgres:8080/parent/50000
Concurrency:  500
Duration:     31.736s
Requests:     8096
Errors:       55
Requests/sec: 255.11

Average:      1.895654033s
p50:          1.832535195s
p95:          2.464265661s
p99:          9.507269513s
Max:          10.077783724s
========================================

Cooling down 15s...

----------------------------------------------------------
RUBY: concurrency 1000
----------------------------------------------------------
========================================
RUBY + POSTGRES LIMITED OFFICIAL
========================================
UTC:
Tue Oct  6 23:41:30 UTC 2026


========================================
API BENCHMARK RESULTS
========================================
URL:          http://benchmark_ruby_postgres:8080/parent/50000
Concurrency:  1000
Duration:     40.18s
Requests:     7807
Errors:       1784
Requests/sec: 194.30

Average:      3.422017291s
p50:          1.775308694s
p95:          10.035168321s
p99:          10.1704618s
Max:          10.323135635s
========================================

Cooling down 15s...
Stopping benchmark_ruby_postgres...
Completed ruby.

==========================================================
HASKELL + POSTGRES LIMITED
==========================================================
Waiting 15s...
Smoke testing haskell...
Smoke test passed.

----------------------------------------------------------
HASKELL: concurrency 1
----------------------------------------------------------
========================================
HASKELL + POSTGRES LIMITED OFFICIAL
========================================
UTC:
Tue Oct  6 23:42:50 UTC 2026


========================================
API BENCHMARK RESULTS
========================================
URL:          http://benchmark_haskell_postgres:8080/parent/50000
Concurrency:  1
Duration:     30.012s
Requests:     6544
Errors:       0
Requests/sec: 218.04

Average:      4.500996ms
p50:          2.736148ms
p95:          12.948187ms
p99:          19.782266ms
Max:          70.239682ms
========================================

Cooling down 15s...

----------------------------------------------------------
HASKELL: concurrency 10
----------------------------------------------------------
========================================
HASKELL + POSTGRES LIMITED OFFICIAL
========================================
UTC:
Tue Oct  6 23:43:39 UTC 2026


========================================
API BENCHMARK RESULTS
========================================
URL:          http://benchmark_haskell_postgres:8080/parent/50000
Concurrency:  10
Duration:     30.035s
Requests:     36460
Errors:       0
Requests/sec: 1213.91

Average:      8.138855ms
p50:          5.943401ms
p95:          22.094296ms
p99:          33.64377ms
Max:          152.873812ms
========================================

Cooling down 15s...

----------------------------------------------------------
HASKELL: concurrency 50
----------------------------------------------------------
========================================
HASKELL + POSTGRES LIMITED OFFICIAL
========================================
UTC:
Tue Oct  6 23:44:28 UTC 2026


========================================
API BENCHMARK RESULTS
========================================
URL:          http://benchmark_haskell_postgres:8080/parent/50000
Concurrency:  50
Duration:     30.129s
Requests:     29346
Errors:       0
Requests/sec: 974.01

Average:      51.010099ms
p50:          48.564584ms
p95:          104.21781ms
p99:          133.300884ms
Max:          234.700837ms
========================================

Cooling down 15s...

----------------------------------------------------------
HASKELL: concurrency 100
----------------------------------------------------------
========================================
HASKELL + POSTGRES LIMITED OFFICIAL
========================================
UTC:
Tue Oct  6 23:45:17 UTC 2026


========================================
API BENCHMARK RESULTS
========================================
URL:          http://benchmark_haskell_postgres:8080/parent/50000
Concurrency:  100
Duration:     30.184s
Requests:     22710
Errors:       0
Requests/sec: 752.38

Average:      132.268173ms
p50:          126.686028ms
p95:          245.227678ms
p99:          330.619039ms
Max:          509.760956ms
========================================

Cooling down 15s...

----------------------------------------------------------
HASKELL: concurrency 250
----------------------------------------------------------
========================================
HASKELL + POSTGRES LIMITED OFFICIAL
========================================
UTC:
Tue Oct  6 23:46:07 UTC 2026


========================================
API BENCHMARK RESULTS
========================================
URL:          http://benchmark_haskell_postgres:8080/parent/50000
Concurrency:  250
Duration:     30.372s
Requests:     21432
Errors:       0
Requests/sec: 705.64

Average:      352.161628ms
p50:          336.873311ms
p95:          564.017077ms
p99:          687.31197ms
Max:          786.707688ms
========================================

Cooling down 15s...

----------------------------------------------------------
HASKELL: concurrency 500
----------------------------------------------------------
========================================
HASKELL + POSTGRES LIMITED OFFICIAL
========================================
UTC:
Tue Oct  6 23:46:57 UTC 2026


========================================
API BENCHMARK RESULTS
========================================
URL:          http://benchmark_haskell_postgres:8080/parent/50000
Concurrency:  500
Duration:     30.737s
Requests:     19702
Errors:       0
Requests/sec: 640.99

Average:      769.569522ms
p50:          767.17202ms
p95:          1.078364357s
p99:          1.142929087s
Max:          1.385818164s
========================================

Cooling down 15s...

----------------------------------------------------------
HASKELL: concurrency 1000
----------------------------------------------------------
========================================
HASKELL + POSTGRES LIMITED OFFICIAL
========================================
UTC:
Tue Oct  6 23:47:46 UTC 2026


========================================
API BENCHMARK RESULTS
========================================
URL:          http://benchmark_haskell_postgres:8080/parent/50000
Concurrency:  1000
Duration:     31.595s
Requests:     21399
Errors:       147
Requests/sec: 677.28

Average:      1.439275906s
p50:          1.408148901s
p95:          1.735015617s
p99:          1.815209623s
Max:          10.022014114s
========================================

Cooling down 15s...
Stopping benchmark_haskell_postgres...
Completed haskell.

==========================================================
V + POSTGRES LIMITED
==========================================================
Waiting 15s...
Smoke testing v...
Smoke test passed.

----------------------------------------------------------
V: concurrency 1
----------------------------------------------------------
========================================
V + POSTGRES LIMITED OFFICIAL
========================================
UTC:
Tue Oct  6 23:49:09 UTC 2026


========================================
API BENCHMARK RESULTS
========================================
URL:          http://benchmark_v_postgres:8080/parent/50000
Concurrency:  1
Duration:     30.01s
Requests:     6944
Errors:       0
Requests/sec: 231.39

Average:      4.132434ms
p50:          1.928823ms
p95:          13.821409ms
p99:          28.233284ms
Max:          74.445978ms
========================================

Cooling down 15s...

----------------------------------------------------------
V: concurrency 10
----------------------------------------------------------
========================================
V + POSTGRES LIMITED OFFICIAL
========================================
UTC:
Tue Oct  6 23:49:59 UTC 2026


========================================
API BENCHMARK RESULTS
========================================
URL:          http://benchmark_v_postgres:8080/parent/50000
Concurrency:  10
Duration:     30.016s
Requests:     22148
Errors:       0
Requests/sec: 737.88

Average:      13.448259ms
p50:          8.254982ms
p95:          43.528263ms
p99:          75.592208ms
Max:          206.909164ms
========================================

Cooling down 15s...

----------------------------------------------------------
V: concurrency 50
----------------------------------------------------------
========================================
V + POSTGRES LIMITED OFFICIAL
========================================
UTC:
Tue Oct  6 23:50:48 UTC 2026


========================================
API BENCHMARK RESULTS
========================================
URL:          http://benchmark_v_postgres:8080/parent/50000
Concurrency:  50
Duration:     30.124s
Requests:     25765
Errors:       0
Requests/sec: 855.30

Average:      58.049615ms
p50:          48.820671ms
p95:          141.404273ms
p99:          201.629897ms
Max:          469.777385ms
========================================

Cooling down 15s...

----------------------------------------------------------
V: concurrency 100
----------------------------------------------------------
========================================
V + POSTGRES LIMITED OFFICIAL
========================================
UTC:
Tue Oct  6 23:51:38 UTC 2026


========================================
API BENCHMARK RESULTS
========================================
URL:          http://benchmark_v_postgres:8080/parent/50000
Concurrency:  100
Duration:     30.152s
Requests:     27086
Errors:       0
Requests/sec: 898.31

Average:      110.814533ms
p50:          97.196094ms
p95:          234.541502ms
p99:          338.318672ms
Max:          838.093678ms
========================================

Cooling down 15s...

----------------------------------------------------------
V: concurrency 250
----------------------------------------------------------
========================================
V + POSTGRES LIMITED OFFICIAL
========================================
UTC:
Tue Oct  6 23:52:27 UTC 2026


========================================
API BENCHMARK RESULTS
========================================
URL:          http://benchmark_v_postgres:8080/parent/50000
Concurrency:  250
Duration:     30.283s
Requests:     28813
Errors:       0
Requests/sec: 951.45

Average:      261.196736ms
p50:          246.941689ms
p95:          443.990776ms
p99:          566.328054ms
Max:          843.070327ms
========================================

Cooling down 15s...

----------------------------------------------------------
V: concurrency 500
----------------------------------------------------------
========================================
V + POSTGRES LIMITED OFFICIAL
========================================
UTC:
Tue Oct  6 23:53:17 UTC 2026


========================================
API BENCHMARK RESULTS
========================================
URL:          http://benchmark_v_postgres:8080/parent/50000
Concurrency:  500
Duration:     30.752s
Requests:     27068
Errors:       0
Requests/sec: 880.19

Average:      561.044995ms
p50:          544.174491ms
p95:          853.146406ms
p99:          977.846038ms
Max:          1.298036168s
========================================

Cooling down 15s...

----------------------------------------------------------
V: concurrency 1000
----------------------------------------------------------
========================================
V + POSTGRES LIMITED OFFICIAL
========================================
UTC:
Tue Oct  6 23:54:07 UTC 2026


========================================
API BENCHMARK RESULTS
========================================
URL:          http://benchmark_v_postgres:8080/parent/50000
Concurrency:  1000
Duration:     40.156s
Requests:     27562
Errors:       277
Requests/sec: 686.37

Average:      1.103344619s
p50:          1.050676276s
p95:          1.70721446s
p99:          2.205508496s
Max:          10.188620924s
========================================

Cooling down 15s...
Stopping benchmark_v_postgres...
Completed v.

==========================================================
NIM + POSTGRES LIMITED
==========================================================
Waiting 15s...
Smoke testing nim...
Smoke test passed.

----------------------------------------------------------
NIM: concurrency 1
----------------------------------------------------------
========================================
NIM + POSTGRES LIMITED OFFICIAL
========================================
UTC:
Tue Oct  6 23:55:38 UTC 2026


========================================
API BENCHMARK RESULTS
========================================
URL:          http://benchmark_nim_postgres:8080/parent/50000
Concurrency:  1
Duration:     30.02s
Requests:     8788
Errors:       0
Requests/sec: 292.74

Average:      3.322047ms
p50:          1.753216ms
p95:          9.433893ms
p99:          19.430497ms
Max:          112.291247ms
========================================

Cooling down 15s...

----------------------------------------------------------
NIM: concurrency 10
----------------------------------------------------------
========================================
NIM + POSTGRES LIMITED OFFICIAL
========================================
UTC:
Tue Oct  6 23:56:27 UTC 2026


========================================
API BENCHMARK RESULTS
========================================
URL:          http://benchmark_nim_postgres:8080/parent/50000
Concurrency:  10
Duration:     30.021s
Requests:     42763
Errors:       0
Requests/sec: 1424.43

Average:      6.932496ms
p50:          5.387602ms
p95:          17.097886ms
p99:          25.524697ms
Max:          120.273069ms
========================================

Cooling down 15s...

----------------------------------------------------------
NIM: concurrency 50
----------------------------------------------------------
========================================
NIM + POSTGRES LIMITED OFFICIAL
========================================
UTC:
Tue Oct  6 23:57:16 UTC 2026


========================================
API BENCHMARK RESULTS
========================================
URL:          http://benchmark_nim_postgres:8080/parent/50000
Concurrency:  50
Duration:     30.056s
Requests:     60858
Errors:       0
Requests/sec: 2024.82

Average:      24.23433ms
p50:          20.688046ms
p95:          51.739371ms
p99:          72.969646ms
Max:          150.05161ms
========================================

Cooling down 15s...

----------------------------------------------------------
NIM: concurrency 100
----------------------------------------------------------
========================================
NIM + POSTGRES LIMITED OFFICIAL
========================================
UTC:
Tue Oct  6 23:58:05 UTC 2026


========================================
API BENCHMARK RESULTS
========================================
URL:          http://benchmark_nim_postgres:8080/parent/50000
Concurrency:  100
Duration:     30.081s
Requests:     70802
Errors:       0
Requests/sec: 2353.74

Average:      41.757681ms
p50:          36.939835ms
p95:          85.810748ms
p99:          121.119716ms
Max:          310.355773ms
========================================

Cooling down 15s...

----------------------------------------------------------
NIM: concurrency 250
----------------------------------------------------------
========================================
NIM + POSTGRES LIMITED OFFICIAL
========================================
UTC:
Tue Oct  6 23:58:55 UTC 2026


========================================
API BENCHMARK RESULTS
========================================
URL:          http://benchmark_nim_postgres:8080/parent/50000
Concurrency:  250
Duration:     30.136s
Requests:     75383
Errors:       0
Requests/sec: 2501.40

Average:      97.159483ms
p50:          88.081024ms
p95:          188.116238ms
p99:          297.96851ms
Max:          1.428164346s
========================================

Cooling down 15s...

----------------------------------------------------------
NIM: concurrency 500
----------------------------------------------------------
========================================
NIM + POSTGRES LIMITED OFFICIAL
========================================
UTC:
Tue Oct  6 23:59:44 UTC 2026


========================================
API BENCHMARK RESULTS
========================================
URL:          http://benchmark_nim_postgres:8080/parent/50000
Concurrency:  500
Duration:     30.299s
Requests:     77148
Errors:       0
Requests/sec: 2546.26

Average:      192.19573ms
p50:          167.744779ms
p95:          403.026591ms
p99:          569.224339ms
Max:          2.227325542s
========================================

Cooling down 15s...

----------------------------------------------------------
NIM: concurrency 1000
----------------------------------------------------------
========================================
NIM + POSTGRES LIMITED OFFICIAL
========================================
UTC:
Wed Oct  7 00:00:35 UTC 2026


========================================
API BENCHMARK RESULTS
========================================
URL:          http://benchmark_nim_postgres:8080/parent/50000
Concurrency:  1000
Duration:     30.751s
Requests:     66633
Errors:       110
Requests/sec: 2166.85

Average:      449.685124ms
p50:          393.318275ms
p95:          828.814797ms
p99:          1.255209619s
Max:          10.189591663s
========================================

Cooling down 15s...
Stopping benchmark_nim_postgres...
Completed nim.

==========================================================
ZIG + POSTGRES LIMITED
==========================================================
Waiting 15s...
Smoke testing zig...
Smoke test passed.

----------------------------------------------------------
ZIG: concurrency 1
----------------------------------------------------------
========================================
ZIG + POSTGRES LIMITED OFFICIAL
========================================
UTC:
Wed Oct  7 00:01:56 UTC 2026


========================================
API BENCHMARK RESULTS
========================================
URL:          http://benchmark_zig_postgres:8080/parent/50000
Concurrency:  1
Duration:     30.016s
Requests:     6316
Errors:       0
Requests/sec: 210.42

Average:      4.574285ms
p50:          3.029321ms
p95:          13.11012ms
p99:          21.855758ms
Max:          69.485373ms
========================================

Cooling down 15s...

----------------------------------------------------------
ZIG: concurrency 10
----------------------------------------------------------
========================================
ZIG + POSTGRES LIMITED OFFICIAL
========================================
UTC:
Wed Oct  7 00:02:45 UTC 2026


========================================
API BENCHMARK RESULTS
========================================
URL:          http://benchmark_zig_postgres:8080/parent/50000
Concurrency:  10
Duration:     30.041s
Requests:     27352
Errors:       0
Requests/sec: 910.49

Average:      10.853965ms
p50:          7.190502ms
p95:          32.466839ms
p99:          57.102316ms
Max:          216.861863ms
========================================

Cooling down 15s...

----------------------------------------------------------
ZIG: concurrency 50
----------------------------------------------------------
========================================
ZIG + POSTGRES LIMITED OFFICIAL
========================================
UTC:
Wed Oct  7 00:03:35 UTC 2026


========================================
API BENCHMARK RESULTS
========================================
URL:          http://benchmark_zig_postgres:8080/parent/50000
Concurrency:  50
Duration:     30.097s
Requests:     57135
Errors:       0
Requests/sec: 1898.35

Average:      25.734462ms
p50:          17.81259ms
p95:          75.899469ms
p99:          117.471753ms
Max:          387.20761ms
========================================

Cooling down 15s...

----------------------------------------------------------
ZIG: concurrency 100
----------------------------------------------------------
========================================
ZIG + POSTGRES LIMITED OFFICIAL
========================================
UTC:
Wed Oct  7 00:04:25 UTC 2026


========================================
API BENCHMARK RESULTS
========================================
URL:          http://benchmark_zig_postgres:8080/parent/50000
Concurrency:  100
Duration:     30.048s
Requests:     77028
Errors:       0
Requests/sec: 2563.50

Average:      37.784347ms
p50:          28.513188ms
p95:          100.973862ms
p99:          154.734509ms
Max:          417.820809ms
========================================

Cooling down 15s...

----------------------------------------------------------
ZIG: concurrency 250
----------------------------------------------------------
========================================
ZIG + POSTGRES LIMITED OFFICIAL
========================================
UTC:
Wed Oct  7 00:05:14 UTC 2026


========================================
API BENCHMARK RESULTS
========================================
URL:          http://benchmark_zig_postgres:8080/parent/50000
Concurrency:  250
Duration:     30.225s
Requests:     80357
Errors:       0
Requests/sec: 2658.60

Average:      90.313777ms
p50:          78.838678ms
p95:          201.133351ms
p99:          312.231545ms
Max:          584.394146ms
========================================

Cooling down 15s...

----------------------------------------------------------
ZIG: concurrency 500
----------------------------------------------------------
========================================
ZIG + POSTGRES LIMITED OFFICIAL
========================================
UTC:
Wed Oct  7 00:06:04 UTC 2026


========================================
API BENCHMARK RESULTS
========================================
URL:          http://benchmark_zig_postgres:8080/parent/50000
Concurrency:  500
Duration:     30.363s
Requests:     69725
Errors:       0
Requests/sec: 2296.38

Average:      209.441088ms
p50:          185.22335ms
p95:          420.683948ms
p99:          642.370265ms
Max:          7.130341758s
========================================

Cooling down 15s...

----------------------------------------------------------
ZIG: concurrency 1000
----------------------------------------------------------
========================================
ZIG + POSTGRES LIMITED OFFICIAL
========================================
UTC:
Wed Oct  7 00:06:54 UTC 2026


========================================
API BENCHMARK RESULTS
========================================
URL:          http://benchmark_zig_postgres:8080/parent/50000
Concurrency:  1000
Duration:     30.619s
Requests:     67380
Errors:       121
Requests/sec: 2200.61

Average:      438.619307ms
p50:          386.084106ms
p95:          784.816261ms
p99:          948.727346ms
Max:          10.203339485s
========================================

Cooling down 15s...
Stopping benchmark_zig_postgres...
Completed zig.

==========================================================
POSTGRES LIMITED COMPLETE
==========================================================
Results: benchmark/results/postgres_limited_sequential/run_20261006_224525
Summary: benchmark/results/postgres_limited_sequential/run_20261006_224525/summary.txt


Cooling server for 60 seconds between phases...

PHASE 3/3: POSTGRESQL FULL
==========================================================
POSTGRES FULL SEQUENTIAL BENCHMARK
==========================================================
UTC start: Wed Oct  7 00:08:47 UTC 2026
Output: benchmark/results/postgres_full_sequential/run_20261007_000847

Stopping unrelated benchmark containers...
Configuring benchmark_postgres...
Waiting for database health...
benchmark_postgres ready: healthy

==========================================================
GO + POSTGRES FULL
==========================================================
Waiting 15s...
Smoke testing go...
Smoke test passed.

----------------------------------------------------------
GO: concurrency 1
----------------------------------------------------------
========================================
GO + POSTGRES FULL OFFICIAL
========================================
UTC:
Wed Oct  7 00:09:18 UTC 2026


========================================
API BENCHMARK RESULTS
========================================
URL:          http://benchmark_go_postgres:8080/parent/50000
Concurrency:  1
Duration:     30.021s
Requests:     11911
Errors:       0
Requests/sec: 396.76

Average:      2.443236ms
p50:          1.357467ms
p95:          8.214072ms
p99:          17.520338ms
Max:          148.509994ms
========================================

Cooling down 15s...

----------------------------------------------------------
GO: concurrency 10
----------------------------------------------------------
========================================
GO + POSTGRES FULL OFFICIAL
========================================
UTC:
Wed Oct  7 00:10:07 UTC 2026


========================================
API BENCHMARK RESULTS
========================================
URL:          http://benchmark_go_postgres:8080/parent/50000
Concurrency:  10
Duration:     30.01s
Requests:     50592
Errors:       0
Requests/sec: 1685.81

Average:      5.847686ms
p50:          3.948515ms
p95:          17.372818ms
p99:          28.883529ms
Max:          104.721546ms
========================================

Cooling down 15s...

----------------------------------------------------------
GO: concurrency 50
----------------------------------------------------------
========================================
GO + POSTGRES FULL OFFICIAL
========================================
UTC:
Wed Oct  7 00:10:57 UTC 2026


========================================
API BENCHMARK RESULTS
========================================
URL:          http://benchmark_go_postgres:8080/parent/50000
Concurrency:  50
Duration:     30.055s
Requests:     81098
Errors:       0
Requests/sec: 2698.35

Average:      17.834435ms
p50:          12.726462ms
p95:          49.143211ms
p99:          84.697934ms
Max:          928.856512ms
========================================

Cooling down 15s...

----------------------------------------------------------
GO: concurrency 100
----------------------------------------------------------
========================================
GO + POSTGRES FULL OFFICIAL
========================================
UTC:
Wed Oct  7 00:11:46 UTC 2026


========================================
API BENCHMARK RESULTS
========================================
URL:          http://benchmark_go_postgres:8080/parent/50000
Concurrency:  100
Duration:     30.087s
Requests:     103528
Errors:       0
Requests/sec: 3440.96

Average:      27.66195ms
p50:          21.188521ms
p95:          74.006715ms
p99:          112.94508ms
Max:          292.726124ms
========================================

Cooling down 15s...

----------------------------------------------------------
GO: concurrency 250
----------------------------------------------------------
========================================
GO + POSTGRES FULL OFFICIAL
========================================
UTC:
Wed Oct  7 00:12:35 UTC 2026


========================================
API BENCHMARK RESULTS
========================================
URL:          http://benchmark_go_postgres:8080/parent/50000
Concurrency:  250
Duration:     30.2s
Requests:     105538
Errors:       0
Requests/sec: 3494.59

Average:      65.298566ms
p50:          50.963269ms
p95:          167.562814ms
p99:          261.492873ms
Max:          608.020421ms
========================================

Cooling down 15s...

----------------------------------------------------------
GO: concurrency 500
----------------------------------------------------------
========================================
GO + POSTGRES FULL OFFICIAL
========================================
UTC:
Wed Oct  7 00:13:25 UTC 2026


========================================
API BENCHMARK RESULTS
========================================
URL:          http://benchmark_go_postgres:8080/parent/50000
Concurrency:  500
Duration:     30.329s
Requests:     150370
Errors:       0
Requests/sec: 4957.89

Average:      88.382748ms
p50:          70.809559ms
p95:          220.117217ms
p99:          351.233047ms
Max:          773.300318ms
========================================

Cooling down 15s...

----------------------------------------------------------
GO: concurrency 1000
----------------------------------------------------------
========================================
GO + POSTGRES FULL OFFICIAL
========================================
UTC:
Wed Oct  7 00:14:15 UTC 2026


========================================
API BENCHMARK RESULTS
========================================
URL:          http://benchmark_go_postgres:8080/parent/50000
Concurrency:  1000
Duration:     30.766s
Requests:     148581
Errors:       0
Requests/sec: 4829.42

Average:      165.118085ms
p50:          150.802436ms
p95:          364.049992ms
p99:          504.512256ms
Max:          1.139579055s
========================================

Cooling down 15s...
Stopping benchmark_go_postgres...
Completed go.

==========================================================
RUST + POSTGRES FULL
==========================================================
Waiting 15s...
Smoke testing rust...
Smoke test passed.

----------------------------------------------------------
RUST: concurrency 1
----------------------------------------------------------
========================================
RUST + POSTGRES FULL OFFICIAL
========================================
UTC:
Wed Oct  7 00:15:27 UTC 2026


========================================
API BENCHMARK RESULTS
========================================
URL:          http://benchmark_rust_postgres:8080/parent/50000
Concurrency:  1
Duration:     30.054s
Requests:     6816
Errors:       0
Requests/sec: 226.79

Average:      4.213734ms
p50:          2.214886ms
p95:          14.021473ms
p99:          23.924276ms
Max:          49.42989ms
========================================

Cooling down 15s...

----------------------------------------------------------
RUST: concurrency 10
----------------------------------------------------------
========================================
RUST + POSTGRES FULL OFFICIAL
========================================
UTC:
Wed Oct  7 00:16:17 UTC 2026


========================================
API BENCHMARK RESULTS
========================================
URL:          http://benchmark_rust_postgres:8080/parent/50000
Concurrency:  10
Duration:     30.018s
Requests:     31408
Errors:       0
Requests/sec: 1046.30

Average:      9.462029ms
p50:          6.928305ms
p95:          25.318727ms
p99:          42.735152ms
Max:          157.357075ms
========================================

Cooling down 15s...

----------------------------------------------------------
RUST: concurrency 50
----------------------------------------------------------
========================================
RUST + POSTGRES FULL OFFICIAL
========================================
UTC:
Wed Oct  7 00:17:06 UTC 2026


========================================
API BENCHMARK RESULTS
========================================
URL:          http://benchmark_rust_postgres:8080/parent/50000
Concurrency:  50
Duration:     30.037s
Requests:     56341
Errors:       0
Requests/sec: 1875.71

Average:      26.116271ms
p50:          21.321043ms
p95:          63.440872ms
p99:          91.899401ms
Max:          501.338734ms
========================================

Cooling down 15s...

----------------------------------------------------------
RUST: concurrency 100
----------------------------------------------------------
========================================
RUST + POSTGRES FULL OFFICIAL
========================================
UTC:
Wed Oct  7 00:17:55 UTC 2026


========================================
API BENCHMARK RESULTS
========================================
URL:          http://benchmark_rust_postgres:8080/parent/50000
Concurrency:  100
Duration:     30.066s
Requests:     61894
Errors:       0
Requests/sec: 2058.57

Average:      47.615796ms
p50:          41.934025ms
p95:          102.606385ms
p99:          141.920244ms
Max:          397.310283ms
========================================

Cooling down 15s...

----------------------------------------------------------
RUST: concurrency 250
----------------------------------------------------------
========================================
RUST + POSTGRES FULL OFFICIAL
========================================
UTC:
Wed Oct  7 00:18:45 UTC 2026


========================================
API BENCHMARK RESULTS
========================================
URL:          http://benchmark_rust_postgres:8080/parent/50000
Concurrency:  250
Duration:     30.235s
Requests:     61737
Errors:       0
Requests/sec: 2041.88

Average:      119.560914ms
p50:          110.457223ms
p95:          231.686753ms
p99:          317.80085ms
Max:          611.096545ms
========================================

Cooling down 15s...

----------------------------------------------------------
RUST: concurrency 500
----------------------------------------------------------
========================================
RUST + POSTGRES FULL OFFICIAL
========================================
UTC:
Wed Oct  7 00:19:34 UTC 2026


========================================
API BENCHMARK RESULTS
========================================
URL:          http://benchmark_rust_postgres:8080/parent/50000
Concurrency:  500
Duration:     30.473s
Requests:     63491
Errors:       0
Requests/sec: 2083.51

Average:      236.627749ms
p50:          228.883144ms
p95:          426.392762ms
p99:          507.326034ms
Max:          1.157898022s
========================================

Cooling down 15s...

----------------------------------------------------------
RUST: concurrency 1000
----------------------------------------------------------
========================================
RUST + POSTGRES FULL OFFICIAL
========================================
UTC:
Wed Oct  7 00:20:24 UTC 2026


========================================
API BENCHMARK RESULTS
========================================
URL:          http://benchmark_rust_postgres:8080/parent/50000
Concurrency:  1000
Duration:     31.153s
Requests:     69473
Errors:       129
Requests/sec: 2230.06

Average:      442.969631ms
p50:          418.076969ms
p95:          668.523177ms
p99:          902.483409ms
Max:          10.844598967s
========================================

Cooling down 15s...
Stopping benchmark_rust_postgres...
Completed rust.

==========================================================
NODE + POSTGRES FULL
==========================================================
Waiting 15s...
Smoke testing node...
Smoke test passed.

----------------------------------------------------------
NODE: concurrency 1
----------------------------------------------------------
========================================
NODE + POSTGRES FULL OFFICIAL
========================================
UTC:
Wed Oct  7 00:21:48 UTC 2026


========================================
API BENCHMARK RESULTS
========================================
URL:          http://benchmark_node_postgres:8080/parent/50000
Concurrency:  1
Duration:     30.033s
Requests:     2758
Errors:       0
Requests/sec: 91.83

Average:      10.433534ms
p50:          7.916896ms
p95:          26.447799ms
p99:          38.315773ms
Max:          78.137673ms
========================================

Cooling down 15s...

----------------------------------------------------------
NODE: concurrency 10
----------------------------------------------------------
========================================
NODE + POSTGRES FULL OFFICIAL
========================================
UTC:
Wed Oct  7 00:22:38 UTC 2026


========================================
API BENCHMARK RESULTS
========================================
URL:          http://benchmark_node_postgres:8080/parent/50000
Concurrency:  10
Duration:     30.085s
Requests:     9026
Errors:       0
Requests/sec: 300.01

Average:      33.188796ms
p50:          20.324978ms
p95:          100.768569ms
p99:          146.514577ms
Max:          518.199631ms
========================================

Cooling down 15s...

----------------------------------------------------------
NODE: concurrency 50
----------------------------------------------------------
========================================
NODE + POSTGRES FULL OFFICIAL
========================================
UTC:
Wed Oct  7 00:23:27 UTC 2026


========================================
API BENCHMARK RESULTS
========================================
URL:          http://benchmark_node_postgres:8080/parent/50000
Concurrency:  50
Duration:     30.184s
Requests:     17529
Errors:       0
Requests/sec: 580.75

Average:      85.656336ms
p50:          59.37314ms
p95:          230.389071ms
p99:          365.978188ms
Max:          988.477967ms
========================================

Cooling down 15s...

----------------------------------------------------------
NODE: concurrency 100
----------------------------------------------------------
========================================
NODE + POSTGRES FULL OFFICIAL
========================================
UTC:
Wed Oct  7 00:24:16 UTC 2026


========================================
API BENCHMARK RESULTS
========================================
URL:          http://benchmark_node_postgres:8080/parent/50000
Concurrency:  100
Duration:     30.12s
Requests:     23083
Errors:       0
Requests/sec: 766.37

Average:      129.901322ms
p50:          101.636596ms
p95:          310.471924ms
p99:          453.92805ms
Max:          3.402080306s
========================================

Cooling down 15s...

----------------------------------------------------------
NODE: concurrency 250
----------------------------------------------------------
========================================
NODE + POSTGRES FULL OFFICIAL
========================================
UTC:
Wed Oct  7 00:25:05 UTC 2026


========================================
API BENCHMARK RESULTS
========================================
URL:          http://benchmark_node_postgres:8080/parent/50000
Concurrency:  250
Duration:     30.4s
Requests:     16074
Errors:       83
Requests/sec: 528.75

Average:      466.780077ms
p50:          375.03837ms
p95:          799.263114ms
p99:          3.889675487s
Max:          10.065876042s
========================================

Cooling down 15s...

----------------------------------------------------------
NODE: concurrency 500
----------------------------------------------------------
========================================
NODE + POSTGRES FULL OFFICIAL
========================================
UTC:
Wed Oct  7 00:25:54 UTC 2026


========================================
API BENCHMARK RESULTS
========================================
URL:          http://benchmark_node_postgres:8080/parent/50000
Concurrency:  500
Duration:     32.359s
Requests:     17805
Errors:       888
Requests/sec: 550.24

Average:      824.56269ms
p50:          268.955387ms
p95:          9.461082592s
p99:          10.046724853s
Max:          10.182475346s
========================================

Cooling down 15s...

----------------------------------------------------------
NODE: concurrency 1000
----------------------------------------------------------
========================================
NODE + POSTGRES FULL OFFICIAL
========================================
UTC:
Wed Oct  7 00:26:46 UTC 2026


========================================
API BENCHMARK RESULTS
========================================
URL:          http://benchmark_node_postgres:8080/parent/50000
Concurrency:  1000
Duration:     34.41s
Requests:     20538
Errors:       1212
Requests/sec: 596.86

Average:      1.432149494s
p50:          806.439492ms
p95:          10.000612827s
p99:          10.052514157s
Max:          10.167958557s
========================================

Cooling down 15s...
Stopping benchmark_node_postgres...
Completed node.

==========================================================
PYTHON + POSTGRES FULL
==========================================================
Waiting 15s...
Smoke testing python...
Smoke test passed.

----------------------------------------------------------
PYTHON: concurrency 1
----------------------------------------------------------
========================================
PYTHON + POSTGRES FULL OFFICIAL
========================================
UTC:
Wed Oct  7 00:28:01 UTC 2026


========================================
API BENCHMARK RESULTS
========================================
URL:          http://benchmark_python_postgres:8080/parent/50000
Concurrency:  1
Duration:     30.038s
Requests:     3384
Errors:       0
Requests/sec: 112.66

Average:      8.578008ms
p50:          5.846213ms
p95:          22.619884ms
p99:          32.250436ms
Max:          178.899767ms
========================================

Cooling down 15s...

----------------------------------------------------------
PYTHON: concurrency 10
----------------------------------------------------------
========================================
PYTHON + POSTGRES FULL OFFICIAL
========================================
UTC:
Wed Oct  7 00:28:50 UTC 2026


========================================
API BENCHMARK RESULTS
========================================
URL:          http://benchmark_python_postgres:8080/parent/50000
Concurrency:  10
Duration:     30.045s
Requests:     7771
Errors:       0
Requests/sec: 258.65

Average:      38.545904ms
p50:          27.422224ms
p95:          104.187357ms
p99:          154.526637ms
Max:          610.575526ms
========================================

Cooling down 15s...

----------------------------------------------------------
PYTHON: concurrency 50
----------------------------------------------------------
========================================
PYTHON + POSTGRES FULL OFFICIAL
========================================
UTC:
Wed Oct  7 00:29:39 UTC 2026


========================================
API BENCHMARK RESULTS
========================================
URL:          http://benchmark_python_postgres:8080/parent/50000
Concurrency:  50
Duration:     30.065s
Requests:     8075
Errors:       0
Requests/sec: 268.58

Average:      185.898196ms
p50:          134.855531ms
p95:          508.294017ms
p99:          751.075542ms
Max:          2.679871403s
========================================

Cooling down 15s...

----------------------------------------------------------
PYTHON: concurrency 100
----------------------------------------------------------
========================================
PYTHON + POSTGRES FULL OFFICIAL
========================================
UTC:
Wed Oct  7 00:30:28 UTC 2026


========================================
API BENCHMARK RESULTS
========================================
URL:          http://benchmark_python_postgres:8080/parent/50000
Concurrency:  100
Duration:     30.19s
Requests:     10924
Errors:       0
Requests/sec: 361.85

Average:      275.463667ms
p50:          230.609967ms
p95:          614.927359ms
p99:          839.408742ms
Max:          1.832715651s
========================================

Cooling down 15s...

----------------------------------------------------------
PYTHON: concurrency 250
----------------------------------------------------------
========================================
PYTHON + POSTGRES FULL OFFICIAL
========================================
UTC:
Wed Oct  7 00:31:18 UTC 2026


========================================
API BENCHMARK RESULTS
========================================
URL:          http://benchmark_python_postgres:8080/parent/50000
Concurrency:  250
Duration:     30.981s
Requests:     10581
Errors:       0
Requests/sec: 341.53

Average:      719.314225ms
p50:          463.138633ms
p95:          2.433256375s
p99:          3.840337267s
Max:          6.426257827s
========================================

Cooling down 15s...

----------------------------------------------------------
PYTHON: concurrency 500
----------------------------------------------------------
========================================
PYTHON + POSTGRES FULL OFFICIAL
========================================
UTC:
Wed Oct  7 00:32:08 UTC 2026


========================================
API BENCHMARK RESULTS
========================================
URL:          http://benchmark_python_postgres:8080/parent/50000
Concurrency:  500
Duration:     31.429s
Requests:     9747
Errors:       290
Requests/sec: 310.13

Average:      1.53538558s
p50:          501.220959ms
p95:          7.620274953s
p99:          10.156799159s
Max:          10.261324976s
========================================

Cooling down 15s...

----------------------------------------------------------
PYTHON: concurrency 1000
----------------------------------------------------------
========================================
PYTHON + POSTGRES FULL OFFICIAL
========================================
UTC:
Wed Oct  7 00:32:58 UTC 2026


========================================
API BENCHMARK RESULTS
========================================
URL:          http://benchmark_python_postgres:8080/parent/50000
Concurrency:  1000
Duration:     37.397s
Requests:     9267
Errors:       1893
Requests/sec: 247.80

Average:      2.824874396s
p50:          990.865654ms
p95:          10.051536058s
p99:          10.127521246s
Max:          10.169412559s
========================================

Cooling down 15s...
Stopping benchmark_python_postgres...
Completed python.

==========================================================
PHP + POSTGRES FULL
==========================================================
Waiting 15s...
Smoke testing php...
Smoke test passed.

----------------------------------------------------------
PHP: concurrency 1
----------------------------------------------------------
========================================
PHP + POSTGRES FULL OFFICIAL
========================================
UTC:
Wed Oct  7 00:34:16 UTC 2026


========================================
API BENCHMARK RESULTS
========================================
URL:          http://benchmark_php_postgres:8080/parent/50000
Concurrency:  1
Duration:     30.015s
Requests:     3259
Errors:       0
Requests/sec: 108.58

Average:      9.082304ms
p50:          7.189665ms
p95:          21.381743ms
p99:          32.038234ms
Max:          149.006846ms
========================================

Cooling down 15s...

----------------------------------------------------------
PHP: concurrency 10
----------------------------------------------------------
========================================
PHP + POSTGRES FULL OFFICIAL
========================================
UTC:
Wed Oct  7 00:35:06 UTC 2026


========================================
API BENCHMARK RESULTS
========================================
URL:          http://benchmark_php_postgres:8080/parent/50000
Concurrency:  10
Duration:     30.03s
Requests:     19098
Errors:       0
Requests/sec: 635.97

Average:      15.602195ms
p50:          12.680566ms
p95:          37.177824ms
p99:          56.349836ms
Max:          216.66599ms
========================================

Cooling down 15s...

----------------------------------------------------------
PHP: concurrency 50
----------------------------------------------------------
========================================
PHP + POSTGRES FULL OFFICIAL
========================================
UTC:
Wed Oct  7 00:35:55 UTC 2026


========================================
API BENCHMARK RESULTS
========================================
URL:          http://benchmark_php_postgres:8080/parent/50000
Concurrency:  50
Duration:     30.047s
Requests:     28989
Errors:       0
Requests/sec: 964.79

Average:      51.458867ms
p50:          43.248834ms
p95:          117.317833ms
p99:          175.248828ms
Max:          771.509992ms
========================================

Cooling down 15s...

----------------------------------------------------------
PHP: concurrency 100
----------------------------------------------------------
========================================
PHP + POSTGRES FULL OFFICIAL
========================================
UTC:
Wed Oct  7 00:36:44 UTC 2026


========================================
API BENCHMARK RESULTS
========================================
URL:          http://benchmark_php_postgres:8080/parent/50000
Concurrency:  100
Duration:     30.076s
Requests:     33663
Errors:       0
Requests/sec: 1119.27

Average:      88.714276ms
p50:          80.141865ms
p95:          175.609196ms
p99:          235.026351ms
Max:          539.682922ms
========================================

Cooling down 15s...

----------------------------------------------------------
PHP: concurrency 250
----------------------------------------------------------
========================================
PHP + POSTGRES FULL OFFICIAL
========================================
UTC:
Wed Oct  7 00:37:33 UTC 2026


========================================
API BENCHMARK RESULTS
========================================
URL:          http://benchmark_php_postgres:8080/parent/50000
Concurrency:  250
Duration:     30.235s
Requests:     40425
Errors:       0
Requests/sec: 1337.02

Average:      185.379648ms
p50:          169.039992ms
p95:          336.658695ms
p99:          411.40639ms
Max:          771.417288ms
========================================

Cooling down 15s...

----------------------------------------------------------
PHP: concurrency 500
----------------------------------------------------------
========================================
PHP + POSTGRES FULL OFFICIAL
========================================
UTC:
Wed Oct  7 00:38:23 UTC 2026


========================================
API BENCHMARK RESULTS
========================================
URL:          http://benchmark_php_postgres:8080/parent/50000
Concurrency:  500
Duration:     30.66s
Requests:     42108
Errors:       0
Requests/sec: 1373.40

Average:      360.388021ms
p50:          343.345594ms
p95:          546.156519ms
p99:          711.451232ms
Max:          1.044107621s
========================================

Cooling down 15s...

----------------------------------------------------------
PHP: concurrency 1000
----------------------------------------------------------
========================================
PHP + POSTGRES FULL OFFICIAL
========================================
UTC:
Wed Oct  7 00:39:12 UTC 2026


========================================
API BENCHMARK RESULTS
========================================
URL:          http://benchmark_php_postgres:8080/parent/50000
Concurrency:  1000
Duration:     31.738s
Requests:     38660
Errors:       0
Requests/sec: 1218.08

Average:      797.566473ms
p50:          750.141502ms
p95:          1.368138923s
p99:          1.553492447s
Max:          2.415356044s
========================================

Cooling down 15s...
Stopping benchmark_php_postgres...
Completed php.

==========================================================
CPP + POSTGRES FULL
==========================================================
Waiting 15s...
Smoke testing cpp...
Smoke test passed.

----------------------------------------------------------
CPP: concurrency 1
----------------------------------------------------------
========================================
CPP + POSTGRES FULL OFFICIAL
========================================
UTC:
Wed Oct  7 00:40:27 UTC 2026


========================================
API BENCHMARK RESULTS
========================================
URL:          http://benchmark_cpp_postgres:8080/parent/50000
Concurrency:  1
Duration:     30.068s
Requests:     3138
Errors:       0
Requests/sec: 104.36

Average:      9.342478ms
p50:          7.430744ms
p95:          21.922489ms
p99:          33.174386ms
Max:          59.442998ms
========================================

Cooling down 15s...

----------------------------------------------------------
CPP: concurrency 10
----------------------------------------------------------
========================================
CPP + POSTGRES FULL OFFICIAL
========================================
UTC:
Wed Oct  7 00:41:16 UTC 2026


========================================
API BENCHMARK RESULTS
========================================
URL:          http://benchmark_cpp_postgres:8080/parent/50000
Concurrency:  10
Duration:     30.037s
Requests:     12163
Errors:       0
Requests/sec: 404.93

Average:      24.389617ms
p50:          20.908237ms
p95:          54.3799ms
p99:          76.336536ms
Max:          230.073072ms
========================================

Cooling down 15s...

----------------------------------------------------------
CPP: concurrency 50
----------------------------------------------------------
========================================
CPP + POSTGRES FULL OFFICIAL
========================================
UTC:
Wed Oct  7 00:42:07 UTC 2026


========================================
API BENCHMARK RESULTS
========================================
URL:          http://benchmark_cpp_postgres:8080/parent/50000
Concurrency:  50
Duration:     30.116s
Requests:     17298
Errors:       0
Requests/sec: 574.38

Average:      86.18942ms
p50:          80.744367ms
p95:          155.918722ms
p99:          201.656811ms
Max:          332.095149ms
========================================

Cooling down 15s...

----------------------------------------------------------
CPP: concurrency 100
----------------------------------------------------------
========================================
CPP + POSTGRES FULL OFFICIAL
========================================
UTC:
Wed Oct  7 00:42:57 UTC 2026


========================================
API BENCHMARK RESULTS
========================================
URL:          http://benchmark_cpp_postgres:8080/parent/50000
Concurrency:  100
Duration:     30.214s
Requests:     18457
Errors:       0
Requests/sec: 610.87

Average:      162.497211ms
p50:          152.658061ms
p95:          298.448742ms
p99:          392.795361ms
Max:          572.939124ms
========================================

Cooling down 15s...

----------------------------------------------------------
CPP: concurrency 250
----------------------------------------------------------
========================================
CPP + POSTGRES FULL OFFICIAL
========================================
UTC:
Wed Oct  7 00:43:47 UTC 2026


========================================
API BENCHMARK RESULTS
========================================
URL:          http://benchmark_cpp_postgres:8080/parent/50000
Concurrency:  250
Duration:     30.496s
Requests:     18473
Errors:       0
Requests/sec: 605.75

Average:      408.999247ms
p50:          396.297051ms
p95:          635.117761ms
p99:          810.290129ms
Max:          934.72276ms
========================================

Cooling down 15s...

----------------------------------------------------------
CPP: concurrency 500
----------------------------------------------------------
========================================
CPP + POSTGRES FULL OFFICIAL
========================================
UTC:
Wed Oct  7 00:44:38 UTC 2026


========================================
API BENCHMARK RESULTS
========================================
URL:          http://benchmark_cpp_postgres:8080/parent/50000
Concurrency:  500
Duration:     31.324s
Requests:     17786
Errors:       0
Requests/sec: 567.80

Average:      861.741843ms
p50:          857.649221ms
p95:          1.263674981s
p99:          1.415272061s
Max:          1.553303806s
========================================

Cooling down 15s...

----------------------------------------------------------
CPP: concurrency 1000
----------------------------------------------------------
========================================
CPP + POSTGRES FULL OFFICIAL
========================================
UTC:
Wed Oct  7 00:45:29 UTC 2026


========================================
API BENCHMARK RESULTS
========================================
URL:          http://benchmark_cpp_postgres:8080/parent/50000
Concurrency:  1000
Duration:     31.905s
Requests:     19186
Errors:       0
Requests/sec: 601.35

Average:      1.615034127s
p50:          1.587295254s
p95:          2.084841394s
p99:          2.166838418s
Max:          2.749906109s
========================================

Cooling down 15s...
Stopping benchmark_cpp_postgres...
Completed cpp.

==========================================================
JAVA + POSTGRES FULL
==========================================================
Waiting 15s...
Smoke testing java...
Smoke test passed.

----------------------------------------------------------
JAVA: concurrency 1
----------------------------------------------------------
========================================
JAVA + POSTGRES FULL OFFICIAL
========================================
UTC:
Wed Oct  7 00:46:59 UTC 2026


========================================
API BENCHMARK RESULTS
========================================
URL:          http://benchmark_java_postgres:8080/parent/50000
Concurrency:  1
Duration:     30.017s
Requests:     1975
Errors:       0
Requests/sec: 65.80

Average:      14.685304ms
p50:          11.581267ms
p95:          36.149269ms
p99:          56.01886ms
Max:          148.182428ms
========================================

Cooling down 15s...

----------------------------------------------------------
JAVA: concurrency 10
----------------------------------------------------------
========================================
JAVA + POSTGRES FULL OFFICIAL
========================================
UTC:
Wed Oct  7 00:47:49 UTC 2026


========================================
API BENCHMARK RESULTS
========================================
URL:          http://benchmark_java_postgres:8080/parent/50000
Concurrency:  10
Duration:     30.02s
Requests:     8734
Errors:       0
Requests/sec: 290.93

Average:      34.241271ms
p50:          25.720218ms
p95:          90.285171ms
p99:          135.209676ms
Max:          504.62822ms
========================================

Cooling down 15s...

----------------------------------------------------------
JAVA: concurrency 50
----------------------------------------------------------
========================================
JAVA + POSTGRES FULL OFFICIAL
========================================
UTC:
Wed Oct  7 00:48:39 UTC 2026


========================================
API BENCHMARK RESULTS
========================================
URL:          http://benchmark_java_postgres:8080/parent/50000
Concurrency:  50
Duration:     30.189s
Requests:     21325
Errors:       0
Requests/sec: 706.39

Average:      70.339463ms
p50:          53.444044ms
p95:          178.105611ms
p99:          279.248042ms
Max:          1.796071339s
========================================

Cooling down 15s...

----------------------------------------------------------
JAVA: concurrency 100
----------------------------------------------------------
========================================
JAVA + POSTGRES FULL OFFICIAL
========================================
UTC:
Wed Oct  7 00:49:30 UTC 2026


========================================
API BENCHMARK RESULTS
========================================
URL:          http://benchmark_java_postgres:8080/parent/50000
Concurrency:  100
Duration:     30.426s
Requests:     29576
Errors:       0
Requests/sec: 972.06

Average:      102.011003ms
p50:          74.69117ms
p95:          273.215422ms
p99:          382.984424ms
Max:          786.234867ms
========================================

Cooling down 15s...

----------------------------------------------------------
JAVA: concurrency 250
----------------------------------------------------------
========================================
JAVA + POSTGRES FULL OFFICIAL
========================================
UTC:
Wed Oct  7 00:50:21 UTC 2026


========================================
API BENCHMARK RESULTS
========================================
URL:          http://benchmark_java_postgres:8080/parent/50000
Concurrency:  250
Duration:     30.328s
Requests:     28037
Errors:       0
Requests/sec: 924.47

Average:      268.425863ms
p50:          246.41037ms
p95:          595.438755ms
p99:          717.282268ms
Max:          945.808322ms
========================================

Cooling down 15s...

----------------------------------------------------------
JAVA: concurrency 500
----------------------------------------------------------
========================================
JAVA + POSTGRES FULL OFFICIAL
========================================
UTC:
Wed Oct  7 00:51:11 UTC 2026


========================================
API BENCHMARK RESULTS
========================================
URL:          http://benchmark_java_postgres:8080/parent/50000
Concurrency:  500
Duration:     30.491s
Requests:     32335
Errors:       0
Requests/sec: 1060.49

Average:      468.999889ms
p50:          420.076165ms
p95:          978.643669ms
p99:          1.241419585s
Max:          1.386201223s
========================================

Cooling down 15s...

----------------------------------------------------------
JAVA: concurrency 1000
----------------------------------------------------------
========================================
JAVA + POSTGRES FULL OFFICIAL
========================================
UTC:
Wed Oct  7 00:52:01 UTC 2026


========================================
API BENCHMARK RESULTS
========================================
URL:          http://benchmark_java_postgres:8080/parent/50000
Concurrency:  1000
Duration:     31.18s
Requests:     35817
Errors:       0
Requests/sec: 1148.73

Average:      853.630379ms
p50:          815.666706ms
p95:          1.657924544s
p99:          1.877559123s
Max:          2.008855975s
========================================

Cooling down 15s...
Stopping benchmark_java_postgres...
Completed java.

==========================================================
ELIXIR + POSTGRES FULL
==========================================================
Waiting 15s...
Smoke testing elixir...
Smoke test passed.

----------------------------------------------------------
ELIXIR: concurrency 1
----------------------------------------------------------
========================================
ELIXIR + POSTGRES FULL OFFICIAL
========================================
UTC:
Wed Oct  7 00:53:12 UTC 2026


========================================
API BENCHMARK RESULTS
========================================
URL:          http://benchmark_elixir_postgres:8080/parent/50000
Concurrency:  1
Duration:     30.012s
Requests:     3207
Errors:       0
Requests/sec: 106.86

Average:      9.050021ms
p50:          7.018534ms
p95:          21.894192ms
p99:          31.186929ms
Max:          96.966202ms
========================================

Cooling down 15s...

----------------------------------------------------------
ELIXIR: concurrency 10
----------------------------------------------------------
========================================
ELIXIR + POSTGRES FULL OFFICIAL
========================================
UTC:
Wed Oct  7 00:54:02 UTC 2026


========================================
API BENCHMARK RESULTS
========================================
URL:          http://benchmark_elixir_postgres:8080/parent/50000
Concurrency:  10
Duration:     30.047s
Requests:     15506
Errors:       0
Requests/sec: 516.05

Average:      18.931848ms
p50:          15.790603ms
p95:          42.621087ms
p99:          68.107088ms
Max:          150.224505ms
========================================

Cooling down 15s...

----------------------------------------------------------
ELIXIR: concurrency 50
----------------------------------------------------------
========================================
ELIXIR + POSTGRES FULL OFFICIAL
========================================
UTC:
Wed Oct  7 00:54:51 UTC 2026


========================================
API BENCHMARK RESULTS
========================================
URL:          http://benchmark_elixir_postgres:8080/parent/50000
Concurrency:  50
Duration:     30.072s
Requests:     16985
Errors:       0
Requests/sec: 564.81

Average:      87.353375ms
p50:          74.493503ms
p95:          197.849342ms
p99:          309.858212ms
Max:          600.316525ms
========================================

Cooling down 15s...

----------------------------------------------------------
ELIXIR: concurrency 100
----------------------------------------------------------
========================================
ELIXIR + POSTGRES FULL OFFICIAL
========================================
UTC:
Wed Oct  7 00:55:41 UTC 2026


========================================
API BENCHMARK RESULTS
========================================
URL:          http://benchmark_elixir_postgres:8080/parent/50000
Concurrency:  100
Duration:     30.218s
Requests:     17159
Errors:       0
Requests/sec: 567.85

Average:      174.30483ms
p50:          154.105833ms
p95:          355.419197ms
p99:          614.315327ms
Max:          1.636663553s
========================================

Cooling down 15s...

----------------------------------------------------------
ELIXIR: concurrency 250
----------------------------------------------------------
========================================
ELIXIR + POSTGRES FULL OFFICIAL
========================================
UTC:
Wed Oct  7 00:56:30 UTC 2026


========================================
API BENCHMARK RESULTS
========================================
URL:          http://benchmark_elixir_postgres:8080/parent/50000
Concurrency:  250
Duration:     30.648s
Requests:     18212
Errors:       1125
Requests/sec: 594.24

Average:      414.872521ms
p50:          307.282965ms
p95:          1.122945752s
p99:          1.780433963s
Max:          2.727840074s
========================================

Cooling down 15s...

----------------------------------------------------------
ELIXIR: concurrency 500
----------------------------------------------------------
========================================
ELIXIR + POSTGRES FULL OFFICIAL
========================================
UTC:
Wed Oct  7 00:57:20 UTC 2026


========================================
API BENCHMARK RESULTS
========================================
URL:          http://benchmark_elixir_postgres:8080/parent/50000
Concurrency:  500
Duration:     30.802s
Requests:     23992
Errors:       8243
Requests/sec: 778.90

Average:      628.531101ms
p50:          298.672269ms
p95:          3.226366091s
p99:          5.398174679s
Max:          6.077479861s
========================================

Cooling down 15s...

----------------------------------------------------------
ELIXIR: concurrency 1000
----------------------------------------------------------
========================================
ELIXIR + POSTGRES FULL OFFICIAL
========================================
UTC:
Wed Oct  7 00:58:10 UTC 2026


========================================
API BENCHMARK RESULTS
========================================
URL:          http://benchmark_elixir_postgres:8080/parent/50000
Concurrency:  1000
Duration:     31.264s
Requests:     37062
Errors:       26058
Requests/sec: 1185.46

Average:      804.037538ms
p50:          500.528455ms
p95:          1.724124121s
p99:          5.693989049s
Max:          10.022976932s
========================================

Cooling down 15s...
Stopping benchmark_elixir_postgres...
Completed elixir.

==========================================================
RUBY + POSTGRES FULL
==========================================================
Waiting 15s...
Smoke testing ruby...
Smoke test passed.

----------------------------------------------------------
RUBY: concurrency 1
----------------------------------------------------------
========================================
RUBY + POSTGRES FULL OFFICIAL
========================================
UTC:
Wed Oct  7 00:59:27 UTC 2026


========================================
API BENCHMARK RESULTS
========================================
URL:          http://benchmark_ruby_postgres:8080/parent/50000
Concurrency:  1
Duration:     30.027s
Requests:     5199
Errors:       0
Requests/sec: 173.14

Average:      5.665617ms
p50:          4.15327ms
p95:          14.650006ms
p99:          24.216297ms
Max:          113.320855ms
========================================

Cooling down 15s...

----------------------------------------------------------
RUBY: concurrency 10
----------------------------------------------------------
========================================
RUBY + POSTGRES FULL OFFICIAL
========================================
UTC:
Wed Oct  7 01:00:16 UTC 2026


========================================
API BENCHMARK RESULTS
========================================
URL:          http://benchmark_ruby_postgres:8080/parent/50000
Concurrency:  10
Duration:     30.05s
Requests:     6634
Errors:       0
Requests/sec: 220.77

Average:      45.165702ms
p50:          40.164603ms
p95:          84.004218ms
p99:          123.086299ms
Max:          343.911364ms
========================================

Cooling down 15s...

----------------------------------------------------------
RUBY: concurrency 50
----------------------------------------------------------
========================================
RUBY + POSTGRES FULL OFFICIAL
========================================
UTC:
Wed Oct  7 01:01:05 UTC 2026


========================================
API BENCHMARK RESULTS
========================================
URL:          http://benchmark_ruby_postgres:8080/parent/50000
Concurrency:  50
Duration:     30.106s
Requests:     6651
Errors:       0
Requests/sec: 220.92

Average:      225.905261ms
p50:          204.006848ms
p95:          361.948115ms
p99:          658.323759ms
Max:          2.294178258s
========================================

Cooling down 15s...

----------------------------------------------------------
RUBY: concurrency 100
----------------------------------------------------------
========================================
RUBY + POSTGRES FULL OFFICIAL
========================================
UTC:
Wed Oct  7 01:01:54 UTC 2026


========================================
API BENCHMARK RESULTS
========================================
URL:          http://benchmark_ruby_postgres:8080/parent/50000
Concurrency:  100
Duration:     30.489s
Requests:     6763
Errors:       0
Requests/sec: 221.82

Average:      447.346659ms
p50:          424.9219ms
p95:          704.842893ms
p99:          816.352555ms
Max:          1.739356542s
========================================

Cooling down 15s...

----------------------------------------------------------
RUBY: concurrency 250
----------------------------------------------------------
========================================
RUBY + POSTGRES FULL OFFICIAL
========================================
UTC:
Wed Oct  7 01:02:44 UTC 2026


========================================
API BENCHMARK RESULTS
========================================
URL:          http://benchmark_ruby_postgres:8080/parent/50000
Concurrency:  250
Duration:     31.214s
Requests:     7388
Errors:       0
Requests/sec: 236.69

Average:      1.037808064s
p50:          1.003001762s
p95:          1.43285965s
p99:          3.45331701s
Max:          5.317051304s
========================================

Cooling down 15s...

----------------------------------------------------------
RUBY: concurrency 500
----------------------------------------------------------
========================================
RUBY + POSTGRES FULL OFFICIAL
========================================
UTC:
Wed Oct  7 01:03:34 UTC 2026


========================================
API BENCHMARK RESULTS
========================================
URL:          http://benchmark_ruby_postgres:8080/parent/50000
Concurrency:  500
Duration:     32.319s
Requests:     7593
Errors:       79
Requests/sec: 234.94

Average:      2.028298426s
p50:          2.017156223s
p95:          3.178574441s
p99:          10.000355705s
Max:          10.143426359s
========================================

Cooling down 15s...

----------------------------------------------------------
RUBY: concurrency 1000
----------------------------------------------------------
========================================
RUBY + POSTGRES FULL OFFICIAL
========================================
UTC:
Wed Oct  7 01:04:24 UTC 2026


========================================
API BENCHMARK RESULTS
========================================
URL:          http://benchmark_ruby_postgres:8080/parent/50000
Concurrency:  1000
Duration:     40.313s
Requests:     6709
Errors:       1848
Requests/sec: 166.42

Average:      3.860499153s
p50:          2.086418171s
p95:          10.052968409s
p99:          10.133155957s
Max:          10.191400795s
========================================

Cooling down 15s...
Stopping benchmark_ruby_postgres...
Completed ruby.

==========================================================
HASKELL + POSTGRES FULL
==========================================================
Waiting 15s...
Smoke testing haskell...
Smoke test passed.

----------------------------------------------------------
HASKELL: concurrency 1
----------------------------------------------------------
========================================
HASKELL + POSTGRES FULL OFFICIAL
========================================
UTC:
Wed Oct  7 01:05:46 UTC 2026


========================================
API BENCHMARK RESULTS
========================================
URL:          http://benchmark_haskell_postgres:8080/parent/50000
Concurrency:  1
Duration:     30.002s
Requests:     5884
Errors:       0
Requests/sec: 196.12

Average:      4.980623ms
p50:          2.880391ms
p95:          14.781169ms
p99:          23.732072ms
Max:          55.627141ms
========================================

Cooling down 15s...

----------------------------------------------------------
HASKELL: concurrency 10
----------------------------------------------------------
========================================
HASKELL + POSTGRES FULL OFFICIAL
========================================
UTC:
Wed Oct  7 01:06:35 UTC 2026


========================================
API BENCHMARK RESULTS
========================================
URL:          http://benchmark_haskell_postgres:8080/parent/50000
Concurrency:  10
Duration:     30.037s
Requests:     33321
Errors:       0
Requests/sec: 1109.32

Average:      8.921348ms
p50:          6.241997ms
p95:          25.129242ms
p99:          40.928736ms
Max:          158.645332ms
========================================

Cooling down 15s...

----------------------------------------------------------
HASKELL: concurrency 50
----------------------------------------------------------
========================================
HASKELL + POSTGRES FULL OFFICIAL
========================================
UTC:
Wed Oct  7 01:07:24 UTC 2026


========================================
API BENCHMARK RESULTS
========================================
URL:          http://benchmark_haskell_postgres:8080/parent/50000
Concurrency:  50
Duration:     30.037s
Requests:     23155
Errors:       0
Requests/sec: 770.88

Average:      64.696226ms
p50:          60.144157ms
p95:          119.752399ms
p99:          168.405674ms
Max:          363.358652ms
========================================

Cooling down 15s...

----------------------------------------------------------
HASKELL: concurrency 100
----------------------------------------------------------
========================================
HASKELL + POSTGRES FULL OFFICIAL
========================================
UTC:
Wed Oct  7 01:08:14 UTC 2026


========================================
API BENCHMARK RESULTS
========================================
URL:          http://benchmark_haskell_postgres:8080/parent/50000
Concurrency:  100
Duration:     30.157s
Requests:     19167
Errors:       0
Requests/sec: 635.58

Average:      156.731961ms
p50:          147.765544ms
p95:          263.157849ms
p99:          326.082398ms
Max:          453.241045ms
========================================

Cooling down 15s...

----------------------------------------------------------
HASKELL: concurrency 250
----------------------------------------------------------
========================================
HASKELL + POSTGRES FULL OFFICIAL
========================================
UTC:
Wed Oct  7 01:09:03 UTC 2026


========================================
API BENCHMARK RESULTS
========================================
URL:          http://benchmark_haskell_postgres:8080/parent/50000
Concurrency:  250
Duration:     30.421s
Requests:     20541
Errors:       0
Requests/sec: 675.22

Average:      368.035713ms
p50:          351.708236ms
p95:          596.862165ms
p99:          730.103507ms
Max:          948.166256ms
========================================

Cooling down 15s...

----------------------------------------------------------
HASKELL: concurrency 500
----------------------------------------------------------
========================================
HASKELL + POSTGRES FULL OFFICIAL
========================================
UTC:
Wed Oct  7 01:09:53 UTC 2026


========================================
API BENCHMARK RESULTS
========================================
URL:          http://benchmark_haskell_postgres:8080/parent/50000
Concurrency:  500
Duration:     30.756s
Requests:     20943
Errors:       0
Requests/sec: 680.95

Average:      723.302432ms
p50:          696.354709ms
p95:          1.028984455s
p99:          1.246453241s
Max:          1.380987169s
========================================

Cooling down 15s...

----------------------------------------------------------
HASKELL: concurrency 1000
----------------------------------------------------------
========================================
HASKELL + POSTGRES FULL OFFICIAL
========================================
UTC:
Wed Oct  7 01:10:42 UTC 2026


========================================
API BENCHMARK RESULTS
========================================
URL:          http://benchmark_haskell_postgres:8080/parent/50000
Concurrency:  1000
Duration:     40.233s
Requests:     18556
Errors:       260
Requests/sec: 461.22

Average:      1.627101973s
p50:          1.506530853s
p95:          2.424237946s
p99:          10.001397895s
Max:          10.107386845s
========================================

Cooling down 15s...
Stopping benchmark_haskell_postgres...
Completed haskell.

==========================================================
V + POSTGRES FULL
==========================================================
Waiting 15s...
Smoke testing v...
Smoke test passed.

----------------------------------------------------------
V: concurrency 1
----------------------------------------------------------
========================================
V + POSTGRES FULL OFFICIAL
========================================
UTC:
Wed Oct  7 01:12:12 UTC 2026


========================================
API BENCHMARK RESULTS
========================================
URL:          http://benchmark_v_postgres:8080/parent/50000
Concurrency:  1
Duration:     30.01s
Requests:     6592
Errors:       0
Requests/sec: 219.66

Average:      4.330644ms
p50:          1.99105ms
p95:          14.500052ms
p99:          28.868678ms
Max:          77.048974ms
========================================

Cooling down 15s...

----------------------------------------------------------
V: concurrency 10
----------------------------------------------------------
========================================
V + POSTGRES FULL OFFICIAL
========================================
UTC:
Wed Oct  7 01:13:01 UTC 2026


========================================
API BENCHMARK RESULTS
========================================
URL:          http://benchmark_v_postgres:8080/parent/50000
Concurrency:  10
Duration:     30.056s
Requests:     22992
Errors:       0
Requests/sec: 764.97

Average:      12.955367ms
p50:          7.784109ms
p95:          43.097506ms
p99:          67.57743ms
Max:          222.26212ms
========================================

Cooling down 15s...

----------------------------------------------------------
V: concurrency 50
----------------------------------------------------------
========================================
V + POSTGRES FULL OFFICIAL
========================================
UTC:
Wed Oct  7 01:13:51 UTC 2026


========================================
API BENCHMARK RESULTS
========================================
URL:          http://benchmark_v_postgres:8080/parent/50000
Concurrency:  50
Duration:     30.318s
Requests:     28956
Errors:       0
Requests/sec: 955.08

Average:      51.980166ms
p50:          43.602549ms
p95:          124.373869ms
p99:          173.868571ms
Max:          444.277314ms
========================================

Cooling down 15s...

----------------------------------------------------------
V: concurrency 100
----------------------------------------------------------
========================================
V + POSTGRES FULL OFFICIAL
========================================
UTC:
Wed Oct  7 01:14:41 UTC 2026


========================================
API BENCHMARK RESULTS
========================================
URL:          http://benchmark_v_postgres:8080/parent/50000
Concurrency:  100
Duration:     30.102s
Requests:     28303
Errors:       0
Requests/sec: 940.24

Average:      105.781542ms
p50:          92.890301ms
p95:          241.652531ms
p99:          342.815972ms
Max:          621.457709ms
========================================

Cooling down 15s...

----------------------------------------------------------
V: concurrency 250
----------------------------------------------------------
========================================
V + POSTGRES FULL OFFICIAL
========================================
UTC:
Wed Oct  7 01:15:30 UTC 2026


========================================
API BENCHMARK RESULTS
========================================
URL:          http://benchmark_v_postgres:8080/parent/50000
Concurrency:  250
Duration:     30.4s
Requests:     30025
Errors:       0
Requests/sec: 987.65

Average:      251.197921ms
p50:          227.135336ms
p95:          471.646059ms
p99:          608.008786ms
Max:          903.104761ms
========================================

Cooling down 15s...

----------------------------------------------------------
V: concurrency 500
----------------------------------------------------------
========================================
V + POSTGRES FULL OFFICIAL
========================================
UTC:
Wed Oct  7 01:16:20 UTC 2026


========================================
API BENCHMARK RESULTS
========================================
URL:          http://benchmark_v_postgres:8080/parent/50000
Concurrency:  500
Duration:     30.595s
Requests:     34184
Errors:       0
Requests/sec: 1117.31

Average:      443.210445ms
p50:          431.284263ms
p95:          665.882223ms
p99:          804.891586ms
Max:          1.017711284s
========================================

Cooling down 15s...

----------------------------------------------------------
V: concurrency 1000
----------------------------------------------------------
========================================
V + POSTGRES FULL OFFICIAL
========================================
UTC:
Wed Oct  7 01:17:10 UTC 2026


========================================
API BENCHMARK RESULTS
========================================
URL:          http://benchmark_v_postgres:8080/parent/50000
Concurrency:  1000
Duration:     40.169s
Requests:     32095
Errors:       374
Requests/sec: 799.00

Average:      942.921052ms
p50:          851.957907ms
p95:          1.453949736s
p99:          10.000622388s
Max:          10.305967847s
========================================

Cooling down 15s...
Stopping benchmark_v_postgres...
Completed v.

==========================================================
NIM + POSTGRES FULL
==========================================================
Waiting 15s...
Smoke testing nim...
Smoke test passed.

----------------------------------------------------------
NIM: concurrency 1
----------------------------------------------------------
========================================
NIM + POSTGRES FULL OFFICIAL
========================================
UTC:
Wed Oct  7 01:18:41 UTC 2026


========================================
API BENCHMARK RESULTS
========================================
URL:          http://benchmark_nim_postgres:8080/parent/50000
Concurrency:  1
Duration:     30.037s
Requests:     8831
Errors:       0
Requests/sec: 294.00

Average:      3.300907ms
p50:          1.849705ms
p95:          9.143455ms
p99:          18.716009ms
Max:          115.640808ms
========================================

Cooling down 15s...

----------------------------------------------------------
NIM: concurrency 10
----------------------------------------------------------
========================================
NIM + POSTGRES FULL OFFICIAL
========================================
UTC:
Wed Oct  7 01:19:30 UTC 2026


========================================
API BENCHMARK RESULTS
========================================
URL:          http://benchmark_nim_postgres:8080/parent/50000
Concurrency:  10
Duration:     30.03s
Requests:     40884
Errors:       0
Requests/sec: 1361.44

Average:      7.263199ms
p50:          5.46352ms
p95:          18.765335ms
p99:          30.442854ms
Max:          129.615123ms
========================================

Cooling down 15s...

----------------------------------------------------------
NIM: concurrency 50
----------------------------------------------------------
========================================
NIM + POSTGRES FULL OFFICIAL
========================================
UTC:
Wed Oct  7 01:20:20 UTC 2026


========================================
API BENCHMARK RESULTS
========================================
URL:          http://benchmark_nim_postgres:8080/parent/50000
Concurrency:  50
Duration:     30.058s
Requests:     55865
Errors:       0
Requests/sec: 1858.55

Average:      26.459512ms
p50:          22.281288ms
p95:          57.538434ms
p99:          90.187381ms
Max:          232.699894ms
========================================

Cooling down 15s...

----------------------------------------------------------
NIM: concurrency 100
----------------------------------------------------------
========================================
NIM + POSTGRES FULL OFFICIAL
========================================
UTC:
Wed Oct  7 01:21:09 UTC 2026


========================================
API BENCHMARK RESULTS
========================================
URL:          http://benchmark_nim_postgres:8080/parent/50000
Concurrency:  100
Duration:     30.1s
Requests:     56882
Errors:       0
Requests/sec: 1889.75

Average:      51.956823ms
p50:          45.01149ms
p95:          107.926956ms
p99:          160.924922ms
Max:          300.874596ms
========================================

Cooling down 15s...

----------------------------------------------------------
NIM: concurrency 250
----------------------------------------------------------
========================================
NIM + POSTGRES FULL OFFICIAL
========================================
UTC:
Wed Oct  7 01:21:59 UTC 2026


========================================
API BENCHMARK RESULTS
========================================
URL:          http://benchmark_nim_postgres:8080/parent/50000
Concurrency:  250
Duration:     30.143s
Requests:     69401
Errors:       0
Requests/sec: 2302.42

Average:      104.760469ms
p50:          91.886226ms
p95:          219.057178ms
p99:          292.485817ms
Max:          633.189219ms
========================================

Cooling down 15s...

----------------------------------------------------------
NIM: concurrency 500
----------------------------------------------------------
========================================
NIM + POSTGRES FULL OFFICIAL
========================================
UTC:
Wed Oct  7 01:22:49 UTC 2026


========================================
API BENCHMARK RESULTS
========================================
URL:          http://benchmark_nim_postgres:8080/parent/50000
Concurrency:  500
Duration:     30.148s
Requests:     82171
Errors:       0
Requests/sec: 2725.63

Average:      177.447859ms
p50:          159.89565ms
p95:          368.924ms
p99:          500.869096ms
Max:          1.251476715s
========================================

Cooling down 15s...

----------------------------------------------------------
NIM: concurrency 1000
----------------------------------------------------------
========================================
NIM + POSTGRES FULL OFFICIAL
========================================
UTC:
Wed Oct  7 01:23:38 UTC 2026


========================================
API BENCHMARK RESULTS
========================================
URL:          http://benchmark_nim_postgres:8080/parent/50000
Concurrency:  1000
Duration:     30.36s
Requests:     95702
Errors:       2
Requests/sec: 3152.28

Average:      303.985184ms
p50:          276.682475ms
p95:          595.569009ms
p99:          812.835162ms
Max:          10.064769547s
========================================

Cooling down 15s...
Stopping benchmark_nim_postgres...
Completed nim.

==========================================================
ZIG + POSTGRES FULL
==========================================================
Waiting 15s...
Smoke testing zig...
Smoke test passed.

----------------------------------------------------------
ZIG: concurrency 1
----------------------------------------------------------
========================================
ZIG + POSTGRES FULL OFFICIAL
========================================
UTC:
Wed Oct  7 01:24:58 UTC 2026


========================================
API BENCHMARK RESULTS
========================================
URL:          http://benchmark_zig_postgres:8080/parent/50000
Concurrency:  1
Duration:     30.008s
Requests:     6899
Errors:       0
Requests/sec: 229.90

Average:      4.213383ms
p50:          2.635897ms
p95:          12.447038ms
p99:          20.662237ms
Max:          67.59006ms
========================================

Cooling down 15s...

----------------------------------------------------------
ZIG: concurrency 10
----------------------------------------------------------
========================================
ZIG + POSTGRES FULL OFFICIAL
========================================
UTC:
Wed Oct  7 01:25:47 UTC 2026


========================================
API BENCHMARK RESULTS
========================================
URL:          http://benchmark_zig_postgres:8080/parent/50000
Concurrency:  10
Duration:     30.018s
Requests:     44808
Errors:       0
Requests/sec: 1492.69

Average:      6.59742ms
p50:          4.27347ms
p95:          19.81675ms
p99:          32.933136ms
Max:          99.309616ms
========================================

Cooling down 15s...

----------------------------------------------------------
ZIG: concurrency 50
----------------------------------------------------------
========================================
ZIG + POSTGRES FULL OFFICIAL
========================================
UTC:
Wed Oct  7 01:26:36 UTC 2026


========================================
API BENCHMARK RESULTS
========================================
URL:          http://benchmark_zig_postgres:8080/parent/50000
Concurrency:  50
Duration:     30.054s
Requests:     100324
Errors:       0
Requests/sec: 3338.16

Average:      14.484706ms
p50:          9.383951ms
p95:          43.692821ms
p99:          74.025788ms
Max:          337.605589ms
========================================

Cooling down 15s...

----------------------------------------------------------
ZIG: concurrency 100
----------------------------------------------------------
========================================
ZIG + POSTGRES FULL OFFICIAL
========================================
UTC:
Wed Oct  7 01:27:25 UTC 2026


========================================
API BENCHMARK RESULTS
========================================
URL:          http://benchmark_zig_postgres:8080/parent/50000
Concurrency:  100
Duration:     30.15s
Requests:     115741
Errors:       0
Requests/sec: 3838.85

Average:      24.962978ms
p50:          18.529271ms
p95:          65.988653ms
p99:          101.807154ms
Max:          267.69253ms
========================================

Cooling down 15s...

----------------------------------------------------------
ZIG: concurrency 250
----------------------------------------------------------
========================================
ZIG + POSTGRES FULL OFFICIAL
========================================
UTC:
Wed Oct  7 01:28:14 UTC 2026


========================================
API BENCHMARK RESULTS
========================================
URL:          http://benchmark_zig_postgres:8080/parent/50000
Concurrency:  250
Duration:     30.087s
Requests:     136971
Errors:       0
Requests/sec: 4552.54

Average:      51.5921ms
p50:          42.565584ms
p95:          122.804708ms
p99:          195.091267ms
Max:          434.437837ms
========================================

Cooling down 15s...

----------------------------------------------------------
ZIG: concurrency 500
----------------------------------------------------------
========================================
ZIG + POSTGRES FULL OFFICIAL
========================================
UTC:
Wed Oct  7 01:29:04 UTC 2026


========================================
API BENCHMARK RESULTS
========================================
URL:          http://benchmark_zig_postgres:8080/parent/50000
Concurrency:  500
Duration:     30.176s
Requests:     127820
Errors:       0
Requests/sec: 4235.86

Average:      109.811682ms
p50:          96.637292ms
p95:          234.987582ms
p99:          352.136718ms
Max:          907.877328ms
========================================

Cooling down 15s...

----------------------------------------------------------
ZIG: concurrency 1000
----------------------------------------------------------
========================================
ZIG + POSTGRES FULL OFFICIAL
========================================
UTC:
Wed Oct  7 01:29:54 UTC 2026


========================================
API BENCHMARK RESULTS
========================================
URL:          http://benchmark_zig_postgres:8080/parent/50000
Concurrency:  1000
Duration:     30.279s
Requests:     92008
Errors:       35
Requests/sec: 3038.64

Average:      305.644755ms
p50:          272.579492ms
p95:          610.843566ms
p99:          784.238967ms
Max:          10.211717937s
========================================

Cooling down 15s...
Stopping benchmark_zig_postgres...
Completed zig.

==========================================================
POSTGRES FULL COMPLETE
==========================================================
Results: benchmark/results/postgres_full_sequential/run_20261007_000847
Summary: benchmark/results/postgres_full_sequential/run_20261007_000847/summary.txt


==========================================================
ALL THREE PHASES COMPLETE
UTC: Wed Oct  7 01:30:46 UTC 2026
==========================================================
